ID,Min,PPG,Player Name,team_code,season,New In Team,Position,New In League,time_in_league,max_minutes_in_position_past_season,max_minutes_by_signing_past_season,points_last_season,avg_points_last_2_seasons,avg_points_last_3_seasons,minutes_last_season,avg_minutes_last_2_seasons,avg_minutes_last_3_seasons,minutes_last_season_same_team,avg_minutes_last_2_seasons_same_team,avg_minutes_last_3_seasons_same_team
15157,170,1.5,Milner,36,2025-26,False,3.0,False,9,,1831.0,1.5,1.7,1.5999999999999999,170.0,470.0,609.6666666666666,170.0,470.0,470.0
17761,2922,3.2,Tarkowski,11,2025-26,False,2.0,False,9,,2426.0,3.2,3.1500000000000004,3.033333333333333,2922.0,3171.0,3254.0,2922.0,3171.0,3254.0
21205,0,0.0,Heaton,1,2025-26,False,1.0,False,9,,2836.0,0.0,0.0,0.0,0.0,0.0,0.0,0.0,0.0,0.0
44699,0,0.0,Barnes,90,2025-26,True,4.0,True,6,,,1.4,1.9,2.3333333333333335,793.0,1058.5,1155.6666666666667,793.0,1058.5,1155.6666666666667
49262,180,4.5,Steele,36,2025-26,False,1.0,False,6,,1831.0,4.5,3.5,3.766666666666667,180.0,855.0,1020.0,180.0,855.0,1020.0
50175,2109,4.2,Welbeck,36,2025-26,False,4.0,False,9,,1831.0,4.2,3.45,3.266666666666667,2109.0,1898.0,1880.0,2109.0,1898.0,1880.0
51943,0,0.0,Hladký,90,2025-26,True,1.0,True,0,,,,,,,,,,,
54469,1586,2.3,Smith,91,2025-26,False,2.0,False,7,,2790.0,2.3,2.5999999999999996,2.4,1586.0,1867.0,2224.6666666666665,1586.0,1867.0,2224.6666666666665
56979,0,0.0,Henderson,94,2025-26,True,3.0,True,8,,,0.0,1.0,1.7,0.0,1030.0,1550.6666666666667,,,
57328,477,1.4,Clyne,31,2025-26,False,2.0,False,8,,3116.0,1.4,2.05,2.033333333333333,477.0,906.0,1150.0,477.0,906.0,1150.0
58621,966,0.9,Walker,90,2025-26,True,2.0,False,9,,,0.9,2.35,2.433333333333333,966.0,1866.0,1895.0,,,
59735,0,0.0,Darlow,2,2025-26,True,1.0,True,7,,,0.0,0.0,0.8333333333333334,0.0,0.0,240.0,,,
59859,2218,2.9,Gündoğan,43,2025-26,False,3.0,False,8,,2218.0,2.9,3.5999999999999996,3.933333333333333,2218.0,2284.5,2140.0,2218.0,2284.5,2140.0
59949,214,1.0,Coleman,11,2025-26,False,2.0,False,9,,2426.0,1.0,1.75,2.066666666666667,214.0,437.5,843.0,214.0,437.5,843.0
60689,2958,5.6,Wood,17,2025-26,False,4.0,False,8,,3330.0,5.6,4.8999999999999995,3.966666666666667,2958.0,2379.5,1855.3333333333333,2958.0,2379.5,1855.3333333333333
61256,1489,2.0,Casemiro,1,2025-26,False,3.0,False,3,,2836.0,2.0,2.15,2.466666666666667,1489.0,1735.0,1864.0,1489.0,1735.0,1864.0
67089,900,4.4,Dúbravka,90,2025-26,True,1.0,False,8,,,4.4,3.85,4.3999999999999995,900.0,1442.0,1013.3333333333334,,,
69752,180,3.5,Neto,91,2025-26,True,1.0,False,3,,,3.5,3.45,3.4333333333333336,180.0,1530.0,1815.0,2880.0,2632.5,2632.5
72147,0,0.0,M.Bizot,7,2025-26,True,1.0,True,0,,,,,,,,,,,
74854,0,0.0,Moore,56,2025-26,True,1.0,True,2,,,0.0,0.75,0.75,0.0,90.0,90.0,,,
75115,0,0.0,Wilson,21,2025-26,True,4.0,False,9,,,1.1,2.3,3.233333333333333,355.0,668.0,1068.6666666666667,,,
76357,610,1.3,Cairney,54,2025-26,False,3.0,False,5,,2673.0,1.3,1.7000000000000002,1.6666666666666667,610.0,1041.0,1016.6666666666666,610.0,1041.0,1016.6666666666666
77794,1299,2.9,Trippier,4,2025-26,False,2.0,False,8,,299.0,2.9,3.45,4.033333333333333,1299.0,1767.0,2292.0,1299.0,1767.0,2292.0
78916,3330,3.1,Burn,4,2025-26,False,2.0,False,7,,299.0,3.1,3.0,3.1333333333333333,3330.0,3027.5,3054.6666666666665,3330.0,3027.5,3054.6666666666665
79602,180,4.5,Bentley,39,2025-26,False,1.0,False,3,,2587.0,4.5,4.05,3.6999999999999997,180.0,281.0,247.33333333333334,180.0,281.0,247.33333333333334
80201,3420,3.0,Leno,54,2025-26,False,1.0,False,7,,2673.0,3.0,3.25,3.466666666666667,3420.0,3420.0,3360.0,3420.0,3420.0,3360.0
80801,3063,2.4,Gana,11,2025-26,False,3.0,False,7,,2426.0,2.4,2.65,2.433333333333333,3063.0,2474.0,2508.3333333333335,3063.0,2474.0,2508.3333333333335
81441,0,0.0,Gillespie,4,2025-26,True,1.0,True,4,,,0.0,0.0,0.0,0.0,0.0,0.0,0.0,0.0,0.0
82143,0,0.0,Foderingham,21,2025-26,False,1.0,False,3,,3348.0,0.0,1.15,0.7666666666666666,0.0,1324.0,882.6666666666666,0.0,0.0,0.0
83299,2081,1.8,Dunk,36,2025-26,False,2.0,False,8,,1831.0,1.8,2.25,2.5333333333333337,2081.0,2475.0,2730.0,2081.0,2475.0,2730.0
84182,2259,2.7,Areola,21,2025-26,False,1.0,False,5,,3348.0,2.7,3.2,2.6,2259.0,2479.5,1755.3333333333333,2259.0,2479.5,1755.3333333333333
84450,0,0.0,Xhaka,56,2025-26,True,3.0,True,8,,,0.0,2.05,2.1,0.0,1496.0,1773.0,,,
85633,3420,3.9,Sels,17,2025-26,False,1.0,False,2,,3330.0,3.9,3.0,3.0,3420.0,2430.0,2430.0,3420.0,2430.0,2430.0
85971,2106,4.3,Son,6,2025-26,False,3.0,False,9,,2199.0,4.3,5.199999999999999,4.866666666666666,2106.0,2520.0,2642.0,2106.0,2520.0,2642.0
86873,0,0.0,Lecomte,54,2025-26,True,1.0,True,0,,,,,,,,,,,
87835,2105,2.5,Doherty,39,2025-26,False,2.0,False,7,,2587.0,2.5,1.95,2.2666666666666666,2105.0,1620.5,1301.3333333333333,2105.0,1620.5,2025.6666666666667
88248,1099,2.7,Ortega Moreno,43,2025-26,False,1.0,False,3,,2218.0,2.7,2.55,4.266666666666667,1099.0,865.5,667.0,1099.0,865.5,667.0
88894,567,2.2,Barkley,7,2025-26,False,3.0,False,9,,1613.0,2.2,2.7,1.8,567.0,1591.5,1061.0,567.0,1066.5,1066.5
90585,146,1.0,Boly,17,2025-26,False,2.0,False,7,,3330.0,1.0,1.95,2.433333333333333,146.0,791.5,755.6666666666666,146.0,791.5,755.6666666666666
91651,2194,3.5,Kovačić,43,2025-26,False,3.0,False,7,,2218.0,3.5,2.75,2.5,2194.0,1866.5,1810.6666666666667,2194.0,1866.5,1866.5
91889,783,2.3,Füllkrug,21,2025-26,False,4.0,False,1,,3348.0,2.3,2.3,2.3,783.0,783.0,783.0,783.0,783.0,783.0
95658,1751,1.8,Maguire,1,2025-26,False,2.0,False,9,,2836.0,1.8,2.55,2.4999999999999996,1751.0,1700.5,1387.6666666666667,1751.0,1700.5,1387.6666666666667
97032,3330,3.9,Virgil,14,2025-26,False,2.0,False,9,,103.0,3.9,3.55,3.6999999999999997,3330.0,3253.5,3114.0,3330.0,3253.5,3114.0
97299,544,2.6,Stones,43,2025-26,False,2.0,False,9,,2218.0,2.6,2.95,3.3000000000000003,544.0,802.5,1149.6666666666667,544.0,802.5,1149.6666666666667
97846,0,0.0,Cairns,2,2025-26,True,1.0,True,0,,,,,,,,,,,
98747,2520,3.6,Pope,4,2025-26,False,1.0,False,9,,299.0,3.6,3.7,3.866666666666667,2520.0,1932.5,2375.3333333333335,2520.0,1932.5,2375.3333333333335
98980,3195,3.0,Martinez,7,2025-26,False,1.0,False,9,,1613.0,3.0,3.2,3.4,3195.0,3105.0,3116.3333333333335,3195.0,3105.0,3116.3333333333335
101148,0,0.0,Lascelles,4,2025-26,False,2.0,False,8,,299.0,0.0,1.45,1.2,0.0,538.5,430.3333333333333,0.0,538.5,430.3333333333333
101178,1433,2.1,Ward-Prowse,21,2025-26,False,3.0,False,9,,3348.0,2.1,3.0,3.233333333333333,1433.0,2216.5,2601.3333333333335,1433.0,2216.5,2216.5
101188,2348,2.8,Digne,7,2025-26,False,2.0,False,7,,1613.0,2.8,2.7,2.4,2348.0,2376.5,2081.6666666666665,2348.0,2376.5,2081.6666666666665
101982,630,1.7,Johnstone,39,2025-26,False,1.0,False,4,,2587.0,1.7,2.55,3.033333333333333,630.0,1213.0,1078.6666666666667,630.0,630.0,630.0
102057,2486,3.9,Raúl,54,2025-26,False,4.0,False,7,,2673.0,3.9,3.45,2.9333333333333336,2486.0,1938.0,1571.6666666666667,2486.0,1938.0,1938.0
106468,952,2.3,Alex Moreno,7,2025-26,True,2.0,False,3,,,2.3,2.3,2.7999999999999994,952.0,988.0,1100.3333333333333,1024.0,1174.5,1174.5
106611,1046,3.4,Keane,11,2025-26,False,2.0,False,9,,2426.0,3.4,2.7,2.8666666666666667,1046.0,741.5,822.0,1046.0,741.5,822.0
106617,0,0.0,Bamford,2,2025-26,True,4.0,True,4,,,2.5,2.8,3.5666666666666664,1510.0,1033.5,1706.3333333333333,1510.0,1033.5,1706.3333333333333
106760,346,0.7,Shaw,1,2025-26,False,2.0,False,9,,2836.0,0.7,1.65,2.433333333333333,346.0,653.0,1286.0,346.0,653.0,1286.0
107265,0,0.0,Gunn,17,2025-26,True,1.0,True,5,,,3.4,1.7,2.1,810.0,405.0,570.0,,,
108413,2100,2.0,Hughes,31,2025-26,False,3.0,False,7,,3116.0,2.0,2.0,1.8333333333333333,2100.0,1993.0,1602.6666666666667,2100.0,1993.0,1602.6666666666667
109345,161,0.9,March,36,2025-26,False,3.0,False,8,,1831.0,0.9,3.25,3.6666666666666665,161.0,358.0,1145.0,161.0,358.0,1145.0
109533,2108,2.5,Emerson,21,2025-26,False,2.0,False,8,,3348.0,2.5,2.4,2.1999999999999997,2108.0,2623.0,2187.6666666666665,2108.0,2623.0,2187.6666666666665
109646,1403,3.2,Tosin,8,2025-26,False,2.0,False,6,,2262.0,3.2,3.25,2.8333333333333335,1403.0,1509.5,1701.0,1403.0,1403.0,1403.0
109745,2790,3.4,Arrizabalaga,3,2025-26,True,1.0,False,7,,,3.4,1.7,2.5,2790.0,1395.0,1785.0,,,
110735,885,2.8,Webster,36,2025-26,False,2.0,False,6,,1831.0,2.8,2.25,2.433333333333333,885.0,1013.5,1336.6666666666667,885.0,1013.5,1336.6666666666667
111234,3420,4.2,Pickford,11,2025-26,False,1.0,False,9,,2426.0,4.2,4.1,3.866666666666667,3420.0,3420.0,3390.0,3420.0,3420.0,3390.0
111317,941,1.8,Brooks,91,2025-26,False,3.0,False,5,,2790.0,1.8,1.8,1.4666666666666668,941.0,606.0,460.6666666666667,941.0,606.0,460.6666666666667
111452,0,0.0,Odysseas,4,2025-26,False,1.0,False,2,,299.0,0.0,1.2,1.2,0.0,225.0,225.0,0.0,0.0,0.0
111478,1694,2.8,Veltman,36,2025-26,False,2.0,False,5,,1831.0,2.8,2.3,2.566666666666667,1694.0,1636.5,1818.6666666666667,1694.0,1636.5,1818.6666666666667
111773,334,1.4,Krafth,4,2025-26,False,2.0,False,6,,299.0,1.4,1.65,1.4333333333333333,334.0,621.5,414.6666666666667,334.0,621.5,414.6666666666667
113564,0,0.0,Byram,2,2025-26,True,2.0,True,5,,,1.3,1.6,1.0666666666666667,1023.0,1157.5,771.6666666666666,,,
114243,2356,4.5,J.Murphy,4,2025-26,False,3.0,False,8,,299.0,4.5,4.199999999999999,3.533333333333333,2356.0,1770.0,1590.0,2356.0,1770.0,1590.0
114283,710,1.9,Grealish,43,2025-26,False,3.0,False,6,,2218.0,1.9,2.2,2.9,710.0,854.0,1253.0,710.0,854.0,1253.0
115556,1329,1.6,Davies,6,2025-26,False,2.0,False,9,,2199.0,1.6,1.8,2.266666666666667,1329.0,1207.0,1566.0,1329.0,1207.0,1566.0
116216,2546,4.0,Trossard,3,2025-26,False,3.0,False,6,,1575.0,4.0,4.049999999999999,4.133333333333333,2546.0,2089.5,2138.6666666666665,2546.0,2089.5,2138.6666666666665
116535,2508,4.0,A.Becker,14,2025-26,False,1.0,False,7,,103.0,4.0,3.9,4.066666666666666,2508.0,2514.0,2786.0,2508.0,2514.0,2786.0
118748,3374,9.1,M.Salah,14,2025-26,False,3.0,False,8,,103.0,9.1,7.85,7.333333333333333,3374.0,2952.5,3065.0,3374.0,2952.5,3065.0
119471,2935,3.5,Schär,4,2025-26,False,2.0,False,7,,299.0,3.5,3.45,3.6,2935.0,2995.0,3065.6666666666665,2935.0,2995.0,3065.6666666666665
121160,2320,4.3,Ederson M.,43,2025-26,False,1.0,False,8,,2218.0,4.3,3.8499999999999996,3.733333333333333,2320.0,2552.5,2751.6666666666665,2320.0,2552.5,2751.6666666666665
121709,0,0.0,Benitez,31,2025-26,True,1.0,True,0,,,,,,,,,,,
122074,0,0.0,Bettinelli,43,2025-26,True,1.0,False,6,,,0.0,0.0,0.0,0.0,0.0,0.0,,,
122798,2479,2.8,Robertson,14,2025-26,False,2.0,False,9,,103.0,2.8,3.05,3.233333333333333,2479.0,2084.0,2249.0,2479.0,2084.0,2249.0
122806,2217,2.3,McGinn,7,2025-26,False,3.0,False,6,,1613.0,2.3,2.8499999999999996,2.766666666666667,2217.0,2608.5,2636.3333333333335,2217.0,2608.5,2636.3333333333335
124165,0,0.0,Roberts,56,2025-26,True,3.0,True,1,,,1.0,1.0,1.0,24.0,24.0,24.0,,,
126184,677,2.5,Aké,43,2025-26,False,2.0,False,9,,2218.0,2.5,2.95,3.1333333333333333,677.0,1358.0,1529.0,677.0,1358.0,1529.0
128295,2820,3.1,Nørgaard,3,2025-26,True,3.0,False,4,,,3.1,2.75,2.9,2820.0,2662.0,2362.3333333333335,,,
135720,842,1.6,Danso,6,2025-26,False,2.0,False,2,,2199.0,1.6,1.55,1.55,842.0,558.5,558.5,842.0,842.0,842.0
138001,1,1.0,King,39,2025-26,False,1.0,False,2,,2587.0,1.0,0.5,0.5,1.0,0.5,0.5,1.0,0.5,0.5
141746,3017,4.8,B.Fernandes,1,2025-26,False,3.0,False,6,,2836.0,4.8,4.75,4.766666666666667,3017.0,3067.5,3150.6666666666665,3017.0,3067.5,3150.6666666666665
149065,2610,3.2,José Sá,39,2025-26,False,1.0,False,4,,2587.0,3.2,3.1500000000000004,3.466666666666667,2610.0,2823.5,2962.3333333333335,2610.0,2823.5,2962.3333333333335
149484,1119,3.4,Mings,7,2025-26,False,2.0,False,9,,1613.0,3.4,1.7,2.3666666666666667,1119.0,574.5,1433.0,1119.0,574.5,1433.0
149519,71,0.5,Cornet,21,2025-26,True,3.0,False,4,,,0.5,1.2,1.1333333333333333,71.0,90.0,137.33333333333334,109.0,170.5,170.5
151589,0,0.0,Dendoncker,7,2025-26,False,3.0,False,7,,1613.0,0.0,1.25,1.3333333333333333,0.0,59.0,338.3333333333333,0.0,59.0,338.3333333333333
152551,2270,1.8,Lerma,31,2025-26,False,3.0,False,5,,3116.0,1.8,2.05,2.2666666666666666,2270.0,2334.5,2640.3333333333335,2270.0,2334.5,2334.5
153127,0,0.0,Hayden,4,2025-26,False,3.0,False,7,,299.0,0.0,0.0,0.6666666666666666,0.0,0.0,333.3333333333333,0.0,0.0,333.3333333333333
153133,2981,4.1,Iwobi,54,2025-26,False,3.0,False,9,,2673.0,4.1,3.65,3.533333333333333,2981.0,2656.0,2897.0,2981.0,2656.0,2656.0
153366,100,0.8,Reed,54,2025-26,False,3.0,False,5,,2673.0,0.8,1.25,1.8,100.0,708.5,1428.3333333333333,100.0,708.5,1428.3333333333333
153682,1148,3.1,Wilson,54,2025-26,False,3.0,False,6,,2673.0,3.1,2.9000000000000004,2.6999999999999997,1148.0,1375.5,1278.6666666666667,1148.0,1375.5,1278.6666666666667
154296,0,0.0,J.Palhinha,6,2025-26,True,3.0,True,2,,,2.8,2.5999999999999996,2.5999999999999996,2698.0,2903.0,2903.0,,,
154561,3420,3.7,Raya,3,2025-26,False,1.0,False,4,,1575.0,3.7,3.95,4.1000000000000005,3420.0,3150.0,3240.0,3420.0,3150.0,3150.0
154566,2199,4.0,Solanke,6,2025-26,False,4.0,False,7,,2199.0,4.0,4.299999999999999,4.166666666666667,2199.0,2762.0,2796.3333333333335,2199.0,2199.0,2199.0
155405,1231,1.4,Phillips,43,2025-26,True,3.0,False,5,,,1.4,1.1,1.1333333333333333,1231.0,812.5,638.6666666666666,291.0,291.0,291.0
155408,2976,2.3,Cook,91,2025-26,False,3.0,False,7,,2790.0,2.3,2.3,2.1333333333333333,2976.0,2881.5,2491.6666666666665,2976.0,2881.5,2491.6666666666665
155503,0,0.0,Woodman,14,2025-26,True,1.0,True,4,,,2.2,1.1,0.7333333333333334,360.0,180.0,120.0,,,
156074,0,0.0,Holding,31,2025-26,False,2.0,False,9,,3116.0,0.0,0.0,0.5,0.0,0.0,187.33333333333334,0.0,0.0,0.0
156689,2004,2.5,Andreas,54,2025-26,False,3.0,False,9,,2673.0,2.5,2.9499999999999997,3.1999999999999997,2004.0,2307.5,2437.0,2004.0,2307.5,2437.0
158499,2114,2.6,Christie,91,2025-26,False,3.0,False,3,,2790.0,2.6,2.5,2.3333333333333335,2114.0,2511.0,2282.3333333333335,2114.0,2511.0,2282.3333333333335
158534,0,0.0,Walker-Peters,21,2025-26,True,2.0,False,7,,,1.6,1.7000000000000002,2.0000000000000004,2918.0,2784.0,2732.6666666666665,,,
158983,259,1.1,Endo,14,2025-26,False,3.0,False,2,,103.0,1.1,1.35,1.35,259.0,986.5,986.5,259.0,986.5,986.5
159506,2996,3.7,Aina,17,2025-26,False,2.0,False,4,,3330.0,3.7,2.85,3.0,2996.0,2343.0,2450.0,2996.0,2343.0,2343.0
159533,1756,2.6,Adama,54,2025-26,False,3.0,False,8,,2673.0,2.6,2.35,2.1999999999999997,1756.0,1059.5,1198.6666666666667,1756.0,1059.5,1059.5
165809,2667,3.3,Bernardo,43,2025-26,False,3.0,False,8,,2218.0,3.3,3.8000000000000003,3.5666666666666664,2667.0,2621.5,2479.6666666666665,2667.0,2621.5,2479.6666666666665
166477,1642,1.9,Castagne,54,2025-26,False,2.0,False,5,,2673.0,1.9,2.5,2.6999999999999997,1642.0,2136.0,2509.0,1642.0,2136.0,2136.0
166989,3025,3.4,Tielemans,7,2025-26,False,3.0,False,7,,1613.0,3.4,2.9,2.8666666666666667,3025.0,2319.0,2326.3333333333335,3025.0,2319.0,2319.0
167074,1773,2.2,Tete,54,2025-26,False,2.0,False,4,,2673.0,2.2,2.05,2.3333333333333335,1773.0,1318.0,1735.0,1773.0,1318.0,1735.0
167512,0,0.0,O'Nien,56,2025-26,True,2.0,True,0,,,,,,,,,,,
167887,0,0.0,Laurent,90,2025-26,True,3.0,True,0,,,,,,,,,,,
168636,330,1.9,Enes Ünal,91,2025-26,False,4.0,False,2,,2790.0,1.9,2.2,2.2,330.0,323.5,323.5,330.0,323.5,323.5
168991,176,1.0,Philip,91,2025-26,False,3.0,False,6,,2790.0,1.0,1.55,2.1999999999999997,176.0,780.5,1442.3333333333333,176.0,780.5,1442.3333333333333
169359,20,1.0,Targett,4,2025-26,False,2.0,False,9,,299.0,1.0,0.85,1.2666666666666666,20.0,48.5,232.33333333333334,20.0,48.5,232.33333333333334
169528,3166,2.9,Robinson,54,2025-26,False,2.0,False,4,,2673.0,2.9,2.8499999999999996,2.8000000000000003,3166.0,3216.0,3173.3333333333335,3166.0,3216.0,3173.3333333333335
169593,0,0.0,Matthews,31,2025-26,False,1.0,False,4,,3116.0,0.0,0.5,0.3333333333333333,0.0,1.5,1.0,0.0,1.5,1.0
171287,517,1.6,Gomez,14,2025-26,False,2.0,False,9,,103.0,1.6,2.0,2.4,517.0,1144.5,1250.0,517.0,1144.5,1250.0
171314,2269,3.3,Rúben,43,2025-26,False,2.0,False,5,,2218.0,3.3,3.0999999999999996,3.1,2269.0,2413.0,2274.3333333333335,2269.0,2413.0,2274.3333333333335
171422,0,0.0,Browne,56,2025-26,True,3.0,True,0,,,,,,,,,,,
172567,0,0.0,Cullen,90,2025-26,True,3.0,True,3,,,2.6,1.8,1.2,2055.0,1030.5,687.0,2055.0,2055.0,2055.0
172649,3420,3.6,Henderson,31,2025-26,False,1.0,False,6,,3116.0,3.6,3.1500000000000004,3.6333333333333333,3420.0,2520.0,2220.0,3420.0,2520.0,2520.0
172780,1799,4.3,Maddison,6,2025-26,False,3.0,False,7,,2199.0,4.3,4.25,4.333333333333333,1799.0,1968.0,2138.3333333333335,1799.0,1968.0,1968.0
174592,0,0.0,Edwards,90,2025-26,True,3.0,True,0,,,,,,,,,,,
174594,0,0.0,Nmecha,2,2025-26,True,4.0,True,1,,,1.0,1.0,1.0,14.0,14.0,14.0,,,
174874,2673,1.7,Andersen,54,2025-26,False,2.0,False,5,,2673.0,1.7,2.45,2.466666666666667,2673.0,3044.5,2957.0,2673.0,2701.0,2701.0
176297,1414,3.8,Rashford,1,2025-26,True,3.0,False,9,,,3.8,3.55,4.333333333333333,1414.0,1839.0,2186.0,2264.0,2572.0,2122.6666666666665
178186,2974,5.7,Bowen,21,2025-26,False,4.0,False,7,,3348.0,5.7,5.550000000000001,4.966666666666667,2974.0,2997.0,3075.3333333333335,2974.0,2997.0,3075.3333333333335
178301,2593,4.9,Watkins,7,2025-26,False,4.0,False,5,,1613.0,4.9,5.550000000000001,5.266666666666667,2593.0,2907.5,2981.3333333333335,2593.0,2907.5,2981.3333333333335
179268,2988,3.7,Cucurella,8,2025-26,False,2.0,False,4,,2262.0,3.7,2.9000000000000004,2.8333333333333335,2988.0,2385.5,2146.6666666666665,2988.0,2385.5,2146.6666666666665
179458,0,0.0,Bruun Larsen,90,2025-26,True,3.0,True,1,,,2.6,2.6,2.6,1235.0,1235.0,1235.0,1235.0,1235.0,1235.0
180135,783,1.4,Longstaff,2,2025-26,True,3.0,False,7,,,1.4,2.25,2.4333333333333336,783.0,1762.5,2013.0,,,
180736,1969,3.7,Chalobah,8,2025-26,False,2.0,False,5,,2262.0,3.7,3.35,2.9,1969.0,1459.0,1506.3333333333333,1969.0,1459.0,1506.3333333333333
180804,1710,1.2,Tuanzebe,90,2025-26,True,2.0,False,6,,,1.2,1.4,1.2,1710.0,1107.5,872.3333333333334,,,
180974,2394,3.4,Joelinton,4,2025-26,False,3.0,False,6,,299.0,3.4,2.8,3.0666666666666664,2394.0,1835.0,2110.0,2394.0,1835.0,2110.0
181284,979,2.1,Guedes,39,2025-26,False,3.0,False,3,,2587.0,2.1,1.05,1.4333333333333336,979.0,489.5,560.6666666666666,979.0,489.5,560.6666666666666
183751,0,0.0,Benson,90,2025-26,True,3.0,True,1,,,1.0,1.0,1.0,110.0,110.0,110.0,110.0,110.0,110.0
184029,2321,3.9,Ødegaard,3,2025-26,False,3.0,False,5,,1575.0,3.9,4.6,4.966666666666667,2321.0,2709.5,2850.3333333333335,2321.0,2709.5,2850.3333333333335
184254,2160,2.8,Vicario,6,2025-26,False,1.0,False,2,,2199.0,2.8,2.8499999999999996,2.8499999999999996,2160.0,2790.0,2790.0,2160.0,2790.0,2790.0
184341,613,1.5,Mount,1,2025-26,False,3.0,False,6,,2836.0,1.5,1.55,2.1666666666666665,613.0,561.0,922.0,613.0,561.0,561.0
184349,574,3.6,Sessegnon,54,2025-26,False,3.0,False,7,,2673.0,3.6,1.8,1.9000000000000001,574.0,287.0,459.6666666666667,574.0,1432.5,1432.5
184754,646,1.8,Hee Chan,39,2025-26,False,3.0,False,4,,2587.0,1.8,3.05,2.766666666666667,646.0,1381.0,1293.0,646.0,1381.0,1293.0
191866,1433,1.6,Ajer,94,2025-26,False,2.0,False,4,,2584.0,1.6,2.0,2.4,1433.0,1629.5,1340.6666666666667,1433.0,1629.5,1340.6666666666667
192290,0,0.0,Roberts,90,2025-26,True,2.0,True,4,,,0.9,2.1,2.0,817.0,1253.0,924.3333333333334,817.0,1253.0,1253.0
194010,94,0.8,Henry,94,2025-26,False,2.0,False,4,,2584.0,0.8,1.7000000000000002,2.1333333333333333,94.0,247.5,1245.0,94.0,247.5,1245.0
195384,1575,3.3,Merino,3,2025-26,False,3.0,False,3,,1575.0,3.3,1.65,1.7666666666666666,1575.0,787.5,970.6666666666666,1575.0,1575.0,1575.0
195546,89,0.9,Buendía,7,2025-26,False,3.0,False,5,,1613.0,0.9,0.45,1.3333333333333333,89.0,44.5,831.0,89.0,44.5,831.0
197024,1147,1.6,G.Rodriguez,21,2025-26,False,3.0,False,1,,3348.0,1.6,1.6,1.6,1147.0,1147.0,1147.0,1147.0,1147.0,1147.0
198869,1195,2.9,White,3,2025-26,False,2.0,False,6,,1575.0,2.9,3.8999999999999995,3.966666666666667,1195.0,2091.0,2412.0,1195.0,2091.0,2412.0
199598,0,0.0,Ampadu,2,2025-26,True,3.0,True,7,,,0.0,0.0,0.0,0.0,0.0,0.0,,,
199670,141,1.2,Édouard,31,2025-26,True,4.0,False,4,,,1.2,1.9,2.0333333333333337,141.0,843.0,1158.0,1545.0,1666.5,1629.0
199796,2069,2.8,Cash,7,2025-26,False,2.0,False,5,,1613.0,2.8,2.5,2.4,2069.0,2103.5,2008.0,2069.0,2103.5,2008.0
199798,2936,3.0,Konsa,7,2025-26,False,2.0,False,6,,1613.0,3.0,2.8,2.8333333333333335,2936.0,3002.5,3109.0,2936.0,3002.5,3109.0
200089,1065,1.4,Willock,4,2025-26,False,3.0,False,8,,299.0,1.4,1.7,2.3,1065.0,740.0,1345.3333333333333,1065.0,740.0,1345.3333333333333
200617,0,0.0,James,2,2025-26,True,3.0,True,5,,,1.9,2.3,2.5,802.0,1645.5,1399.3333333333333,2489.0,2489.0,2489.0
200641,483,2.2,Nelson,3,2025-26,True,3.0,False,8,,,2.2,1.6500000000000001,2.3666666666666667,483.0,369.5,313.6666666666667,256.0,229.0,159.0
200720,900,4.5,Kelleher,94,2025-26,True,1.0,False,6,,,4.5,3.95,3.3000000000000003,900.0,900.0,630.0,,,
200785,1959,2.1,Adams,91,2025-26,False,3.0,False,3,,2790.0,2.1,1.9,1.9333333333333333,1959.0,1038.5,1411.0,1959.0,1038.5,1038.5
201595,0,0.0,Perri,2,2025-26,True,1.0,True,1,,,0.0,0.0,0.0,0.0,0.0,0.0,,,
201658,1932,3.0,Tavernier,91,2025-26,False,3.0,False,3,,2790.0,3.0,3.0,3.3666666666666667,1932.0,2025.0,1930.0,1932.0,2025.0,1930.0
201666,1746,3.9,Barnes,4,2025-26,False,3.0,False,8,,299.0,3.9,3.45,3.6666666666666665,1746.0,1267.0,1747.6666666666667,1746.0,1267.0,1267.0
202641,3060,3.5,Onana,1,2025-26,False,1.0,False,2,,2836.0,3.5,3.5,3.5,3060.0,3240.0,3240.0,3060.0,3240.0,3240.0
202993,1640,1.9,Bentancur,6,2025-26,False,3.0,False,4,,2199.0,1.9,1.65,2.4,1640.0,1318.5,1379.3333333333333,1640.0,1318.5,1379.3333333333333
204120,0,0.0,Boscagli,36,2025-26,True,2.0,True,0,,,,,,,,,,,
204214,2399,2.1,Estupiñan,36,2025-26,False,2.0,False,3,,1831.0,2.1,2.55,2.9333333333333336,2399.0,1820.5,2105.0,2399.0,1820.5,2105.0
204480,2823,3.6,Rice,3,2025-26,False,3.0,False,9,,1575.0,3.6,3.95,3.6666666666666665,2823.0,3024.0,3106.6666666666665,2823.0,3024.0,3024.0
204580,2251,2.3,Janelt,94,2025-26,False,3.0,False,4,,2584.0,2.3,2.3499999999999996,2.3666666666666667,2251.0,2652.5,2502.0,2251.0,2652.5,2502.0
204646,296,2.4,Malen,7,2025-26,False,3.0,False,1,,1613.0,2.4,2.4,2.4,296.0,296.0,296.0,296.0,296.0,296.0
204716,2561,3.4,Konaté,14,2025-26,False,2.0,False,4,,103.0,3.4,2.95,2.8666666666666667,2561.0,2065.5,1894.0,2561.0,2065.5,1894.0
204822,0,0.0,O.Richards,17,2025-26,False,2.0,False,3,,3330.0,0.0,0.0,0.0,0.0,0.0,0.0,0.0,0.0,0.0
204968,1901,1.9,Yates,17,2025-26,False,3.0,False,3,,3330.0,1.9,1.7999999999999998,1.8666666666666665,1901.0,1940.0,1904.3333333333333,1901.0,1940.0,1904.3333333333333
205533,1018,1.8,Nketiah,31,2025-26,False,4.0,False,8,,3116.0,1.8,2.2,2.166666666666667,1018.0,1041.5,1051.3333333333333,1018.0,1018.0,1018.0
205651,600,2.5,G.Jesus,3,2025-26,False,4.0,False,9,,1575.0,2.5,2.8,3.466666666666667,600.0,1035.0,1378.0,600.0,1035.0,1378.0
206325,518,2.7,Zinchenko,3,2025-26,False,2.0,False,9,,1575.0,2.7,3.3,3.4333333333333336,518.0,1117.5,1452.3333333333333,518.0,1117.5,1452.3333333333333
206915,1702,2.6,C.Jones,14,2025-26,False,3.0,False,8,,103.0,2.6,2.1500000000000004,2.4,1702.0,1429.0,1295.6666666666667,1702.0,1429.0,1295.6666666666667
207189,2221,1.7,Berge,54,2025-26,False,3.0,False,4,,2673.0,1.7,1.85,1.9333333333333333,2221.0,2611.5,2114.0,2221.0,2221.0,2221.0
207283,846,1.6,Jensen,94,2025-26,False,3.0,False,4,,2584.0,1.6,2.3500000000000005,2.766666666666667,846.0,1523.5,1950.6666666666667,846.0,1523.5,1950.6666666666667
208706,3273,3.6,Bruno G.,4,2025-26,False,3.0,False,4,,299.0,3.6,3.8499999999999996,3.666666666666666,3273.0,3268.5,3088.0,3273.0,3268.5,3088.0
208912,0,0.0,Worrall,90,2025-26,True,2.0,False,3,,,0.0,0.95,1.3,0.0,219.0,884.3333333333334,,,
209036,3059,3.4,Guéhi,31,2025-26,False,2.0,False,6,,3116.0,3.4,3.0,2.8666666666666667,3059.0,2539.5,2803.0,3059.0,2539.5,2803.0
209046,2190,3.3,Hudson-Odoi,17,2025-26,False,3.0,False,8,,3330.0,3.3,3.55,2.3666666666666667,2190.0,2018.0,1345.3333333333333,2190.0,2018.0,2018.0
209243,1754,2.8,Sancho,1,2025-26,True,3.0,False,4,,,2.8,1.9,2.6,1754.0,915.0,1171.0,76.0,879.5,1217.6666666666667
209244,1771,3.8,Foden,43,2025-26,False,3.0,False,8,,2218.0,3.8,5.199999999999999,4.933333333333334,1771.0,2315.5,2154.3333333333335,1771.0,2315.5,2154.3333333333335
209288,0,0.0,McGill,36,2025-26,True,1.0,True,4,,,0.0,0.0,0.0,0.0,0.0,0.0,0.0,0.0,0.0
209289,2036,3.4,Smith Rowe,54,2025-26,False,3.0,False,7,,2673.0,3.4,2.65,2.2666666666666666,2036.0,1189.5,846.6666666666666,2036.0,2036.0,2036.0
209365,2119,2.3,De Ligt,1,2025-26,False,2.0,False,1,,2836.0,2.3,2.3,2.3,2119.0,2119.0,2119.0,2119.0,2119.0,2119.0
209400,1545,1.3,Kamada,31,2025-26,False,3.0,False,1,,3116.0,1.3,1.3,1.3,1545.0,1545.0,1545.0,1545.0,1545.0,1545.0
210156,398,1.2,Awoniyi,17,2025-26,False,4.0,False,3,,3330.0,1.2,2.3,2.766666666666667,398.0,717.0,943.0,398.0,717.0,943.0
210462,584,1.5,Sangaré,17,2025-26,False,3.0,False,2,,3330.0,1.5,1.5,1.5,584.0,807.5,807.5,584.0,807.5,807.5
210494,0,0.0,N.Aguerd,21,2025-26,False,2.0,False,3,,3348.0,0.0,0.85,1.6333333333333335,0.0,928.5,1150.3333333333333,0.0,928.5,1150.3333333333333
211975,2012,2.3,Akanji,43,2025-26,False,2.0,False,3,,2218.0,2.3,3.0,2.9333333333333336,2012.0,2262.0,2269.3333333333335,2012.0,2262.0,2269.3333333333335
212314,2348,1.9,Lukić,54,2025-26,False,3.0,False,3,,2673.0,1.9,1.85,1.6333333333333335,2348.0,1730.5,1289.0,2348.0,1730.5,1289.0
212319,497,2.3,Richarlison,6,2025-26,False,4.0,False,8,,2199.0,2.3,3.35,2.9,497.0,989.0,991.0,497.0,989.0,991.0
213198,904,2.2,Nkunku,8,2025-26,False,3.0,False,2,,2262.0,2.2,2.4000000000000004,2.4000000000000004,904.0,670.5,670.5,904.0,670.5,670.5
213999,1769,1.4,Álvarez,21,2025-26,False,3.0,False,2,,3348.0,1.4,1.7,1.7,1769.0,2072.0,2072.0,1769.0,2072.0,2072.0
214048,3348,2.2,Kilman,21,2025-26,False,2.0,False,7,,3348.0,2.2,2.2,2.4333333333333336,3348.0,3384.0,3358.3333333333335,3348.0,3348.0,3348.0
214225,0,0.0,Rodon,2,2025-26,True,2.0,True,5,,,0.0,0.0,0.3333333333333333,0.0,0.0,29.0,,,
214285,829,2.4,Tsimikas,14,2025-26,False,2.0,False,5,,103.0,2.4,3.05,2.8333333333333335,829.0,752.0,755.3333333333334,829.0,752.0,755.3333333333334
214572,90,1.0,Austin,6,2025-26,False,1.0,False,5,,2199.0,1.0,0.5,0.3333333333333333,90.0,45.0,30.0,90.0,45.0,30.0
214590,3154,3.3,Wan-Bissaka,21,2025-26,False,2.0,False,9,,3348.0,3.3,2.6999999999999993,2.966666666666667,3154.0,2466.0,2121.3333333333335,3154.0,3154.0,3154.0
215059,2880,3.9,Sánchez,8,2025-26,False,1.0,False,5,,2262.0,3.9,3.8,3.733333333333333,2880.0,2156.5,2127.6666666666665,2880.0,2156.5,2156.5
215136,2588,3.1,N.Williams,17,2025-26,False,2.0,False,6,,3330.0,3.1,2.3,2.1,2588.0,2109.0,2030.0,2588.0,2109.0,2030.0
215379,2726,2.9,Anderson,17,2025-26,False,3.0,False,5,,3330.0,2.9,2.45,2.1,2726.0,1872.0,1379.6666666666667,2726.0,2726.0,2726.0
215413,257,1.4,Dewsbury-Hall,11,2025-26,True,3.0,False,3,,,1.4,2.0,2.1666666666666665,257.0,1281.0,1554.3333333333333,,,
215439,2563,3.6,Souček,21,2025-26,False,3.0,False,6,,3348.0,3.6,3.35,3.1666666666666665,2563.0,2715.0,2747.0,2563.0,2715.0,2747.0
215460,0,0.0,Poveda,56,2025-26,True,3.0,True,2,,,0.0,0.5,0.5,0.0,172.0,172.0,,,
215711,1132,2.0,Bailey,7,2025-26,False,3.0,False,4,,1613.0,2.0,3.1000000000000005,3.066666666666667,1132.0,1597.5,1719.6666666666667,1132.0,1597.5,1719.6666666666667
216051,2812,2.9,Dalot,1,2025-26,False,2.0,False,7,,2836.0,2.9,3.0,3.3000000000000003,2812.0,2993.0,2712.6666666666665,2812.0,2993.0,2712.6666666666665
216094,0,0.0,Frimpong,14,2025-26,True,2.0,True,0,,,,,,,,,,,
216646,2921,5.3,Wissa,94,2025-26,False,4.0,False,4,,2584.0,5.3,4.6,4.033333333333333,2921.0,2704.5,2332.0,2921.0,2704.5,2332.0
218364,0,0.0,Sosa,31,2025-26,True,2.0,True,0,,,,,,,,,,,
219168,2758,6.2,Isak,4,2025-26,False,4.0,False,3,,299.0,6.2,5.95,5.466666666666666,2758.0,2505.5,2177.0,2758.0,2505.5,2177.0
219249,929,2.4,O'Riley,36,2025-26,False,3.0,False,1,,1831.0,2.4,2.4,2.4,929.0,929.0,929.0,929.0,929.0,929.0
219847,1872,4.2,Havertz,3,2025-26,False,4.0,False,5,,1575.0,4.2,4.550000000000001,4.0,1872.0,2249.5,2354.6666666666665,1872.0,2249.5,2249.5
219924,1334,1.5,Diop,54,2025-26,False,2.0,False,7,,2673.0,1.5,1.95,2.3666666666666667,1334.0,1378.5,1588.3333333333333,1334.0,1378.5,1588.3333333333333
219937,0,0.0,R.Williams,14,2025-26,False,2.0,False,4,,103.0,0.0,0.0,0.0,0.0,0.0,0.0,0.0,0.0,0.0
220237,412,2.2,Botman,4,2025-26,False,2.0,False,3,,299.0,2.2,2.6,2.9333333333333336,412.0,893.5,1638.0,412.0,893.5,1638.0
220566,72,1.0,Rodrigo,43,2025-26,False,3.0,False,6,,2218.0,1.0,2.85,2.9000000000000004,72.0,1501.5,1971.3333333333333,72.0,1501.5,1971.3333333333333
220598,0,0.0,Obafemi,90,2025-26,True,4.0,True,6,,,1.0,0.5,0.6666666666666666,19.0,9.5,25.333333333333332,19.0,19.0,19.0
220684,0,0.0,Alese,56,2025-26,True,2.0,True,1,,,0.0,0.0,0.0,0.0,0.0,0.0,,,
220695,112,1.0,Maghoma,94,2025-26,False,3.0,False,2,,2584.0,1.0,0.5,0.5,112.0,56.0,56.0,112.0,56.0,56.0
221399,2068,2.4,Harrison,2,2025-26,True,3.0,False,5,,,2.4,2.8,3.1,2068.0,2140.0,2329.0,2707.0,2672.5,2730.3333333333335
221466,1103,1.8,Senesi,91,2025-26,False,2.0,False,3,,2790.0,1.8,2.55,2.433333333333333,1103.0,1671.0,1943.6666666666667,1103.0,1671.0,1943.6666666666667
221632,1416,2.7,Romero,6,2025-26,False,2.0,False,4,,2199.0,2.7,2.95,2.766666666666667,1416.0,2103.0,2189.6666666666665,1416.0,2103.0,2189.6666666666665
221820,1751,3.4,Martinez,1,2025-26,False,2.0,False,3,,2836.0,3.4,2.4,2.6,1751.0,1197.0,1502.3333333333333,1751.0,1197.0,1502.3333333333333
222531,2806,4.5,Gibbs-White,17,2025-26,False,3.0,False,7,,3330.0,4.5,4.1499999999999995,4.066666666666666,2806.0,2981.0,3037.6666666666665,2806.0,2981.0,3037.6666666666665
222683,2339,4.6,Kluivert,91,2025-26,False,3.0,False,2,,2790.0,4.6,3.8499999999999996,3.8499999999999996,2339.0,2124.5,2124.5,2339.0,2124.5,2124.5
222690,99,0.7,Malacia,1,2025-26,False,2.0,False,3,,2836.0,0.7,0.35,1.1666666666666667,99.0,49.5,496.6666666666667,99.0,49.5,496.6666666666667
222694,0,0.0,Struijk,2,2025-26,True,2.0,True,3,,,2.3,1.7499999999999998,2.033333333333333,2198.0,2124.0,2106.6666666666665,2198.0,2124.0,2106.6666666666665
223094,2736,5.8,Haaland,43,2025-26,False,4.0,False,3,,2218.0,5.8,6.4,6.866666666666667,2736.0,2644.5,2685.3333333333335,2736.0,2644.5,2685.3333333333335
223336,0,0.0,Neil,56,2025-26,True,3.0,True,0,,,,,,,,,,,
223340,1724,5.1,Saka,3,2025-26,False,3.0,False,7,,1575.0,5.1,5.799999999999999,5.633333333333333,1724.0,2323.0,2609.6666666666665,1724.0,2323.0,2609.6666666666665
223434,959,1.4,Igor,36,2025-26,False,2.0,False,2,,1831.0,1.4,1.45,1.45,959.0,1295.0,1295.0,959.0,1295.0,1295.0
223541,103,1.2,Chiesa,14,2025-26,False,3.0,False,1,,103.0,1.2,1.2,1.2,103.0,103.0,103.0,103.0,103.0,103.0
223827,0,0.0,Ballard,56,2025-26,True,2.0,True,0,,,,,,,,,,,
223911,0,0.0,Mepham,91,2025-26,False,2.0,False,5,,2790.0,0.0,0.8,1.0999999999999999,0.0,306.5,936.6666666666666,0.0,306.5,936.6666666666666
224024,2374,2.4,L.Paquetá,21,2025-26,False,3.0,False,3,,3348.0,2.4,2.8,3.033333333333333,2374.0,2500.5,2385.0,2374.0,2500.5,2385.0
224068,0,0.0,Turner,17,2025-26,True,1.0,False,3,,,0.0,1.25,0.8333333333333334,0.0,765.0,510.0,1530.0,1530.0,1530.0
224117,0,0.0,Gyökeres,3,2025-26,True,4.0,True,1,,,0.0,0.0,0.0,0.0,0.0,0.0,,,
224967,3082,3.5,Mykolenko,11,2025-26,False,2.0,False,4,,2426.0,3.5,3.55,3.1,3082.0,2775.5,2734.6666666666665,3082.0,2775.5,2734.6666666666665
224995,229,1.9,Sinisterra,91,2025-26,False,3.0,False,3,,2790.0,1.9,2.0,2.2666666666666666,229.0,457.0,592.3333333333334,229.0,457.0,457.0
225321,0,0.0,Ramsdale,4,2025-26,True,1.0,False,8,,,3.2,3.25,3.4333333333333336,2700.0,1620.0,2220.0,,,
225796,1057,2.8,James,8,2025-26,False,2.0,False,6,,2262.0,2.8,1.95,2.233333333333333,1057.0,736.5,905.0,1057.0,736.5,905.0
226182,0,0.0,Bogle,2,2025-26,True,2.0,True,2,,,1.9,2.15,2.15,2787.0,1947.0,1947.0,,,
226597,2363,4.2,Gabriel,3,2025-26,False,2.0,False,5,,1575.0,4.2,4.15,4.033333333333334,2363.0,2702.5,2938.0,2363.0,2702.5,2938.0
226944,1720,2.2,Kamara,7,2025-26,False,3.0,False,3,,1613.0,2.2,2.1,2.0,1720.0,1686.5,1715.3333333333333,1720.0,1686.5,1715.3333333333333
226956,1100,1.9,Roerslev,94,2025-26,False,2.0,False,4,,2584.0,1.9,2.05,2.1666666666666665,1100.0,1537.5,1392.0,1100.0,1537.5,1392.0
227127,1396,1.8,Bissouma,6,2025-26,False,3.0,False,7,,2199.0,1.8,1.7000000000000002,1.5333333333333332,1396.0,1733.0,1488.0,1396.0,1733.0,1488.0
227444,3330,3.9,Milenković,17,2025-26,False,2.0,False,1,,3330.0,3.9,3.9,3.9,3330.0,3330.0,3330.0,3330.0,3330.0,3330.0
229384,161,0.9,Irving,21,2025-26,False,3.0,False,1,,3348.0,0.9,0.9,0.9,161.0,161.0,161.0,161.0,161.0,161.0
229600,450,3.8,Travers,11,2025-26,True,1.0,False,5,,,3.8,4.3,3.633333333333333,450.0,405.0,615.0,,,
230001,2836,2.4,Mazraoui,1,2025-26,False,2.0,False,1,,2836.0,2.4,2.4,2.4,2836.0,2836.0,2836.0,2836.0,2836.0,2836.0
230376,0,0.0,J.Arias,39,2025-26,True,3.0,True,0,,,,,,,,,,,
231057,1666,2.6,Bellegarde,39,2025-26,False,3.0,False,2,,2587.0,2.6,2.3,2.3,1666.0,1307.0,1307.0,1666.0,1307.0,1307.0
231065,1912,2.1,Pinnock,94,2025-26,False,2.0,False,4,,2584.0,2.1,2.4000000000000004,2.8333333333333335,1912.0,2216.5,2377.6666666666665,1912.0,2216.5,2377.6666666666665
231416,385,3.2,F.Kadıoğlu,36,2025-26,False,2.0,False,1,,1831.0,3.2,3.2,3.2,385.0,385.0,385.0,385.0,385.0,385.0
231480,1678,1.8,S.Bueno,39,2025-26,False,2.0,False,2,,2587.0,1.8,1.4500000000000002,1.4500000000000002,1678.0,1248.5,1248.5,1678.0,1248.5,1248.5
231747,2642,4.1,Mateta,31,2025-26,False,4.0,False,5,,3116.0,4.1,4.4,3.4,2642.0,2458.0,1888.0,2642.0,2458.0,1888.0
232112,1777,1.7,Ugarte,1,2025-26,False,3.0,False,1,,2836.0,1.7,1.7,1.7,1777.0,1777.0,1777.0,1777.0,1777.0,1777.0
232185,2708,3.9,Sarr,31,2025-26,False,3.0,False,3,,3116.0,3.9,3.8,3.8000000000000003,2708.0,2285.0,2197.6666666666665,2708.0,2708.0,2708.0
232413,2588,4.4,Eze,31,2025-26,False,3.0,False,5,,3116.0,4.4,4.7,4.533333333333334,2588.0,2321.0,2424.3333333333335,2588.0,2321.0,2424.3333333333335
232571,0,0.0,Patterson,56,2025-26,True,1.0,True,0,,,,,,,,,,,
232653,1616,2.3,J.Ramsey,7,2025-26,False,3.0,False,5,,1613.0,2.3,2.05,2.6666666666666665,1616.0,1232.0,1699.3333333333333,1616.0,1232.0,1699.3333333333333
232792,856,2.8,Lamptey,36,2025-26,False,2.0,False,6,,1831.0,2.8,2.2,1.8333333333333333,856.0,882.0,734.3333333333334,856.0,882.0,734.3333333333334
232820,0,0.0,Anderson,56,2025-26,True,2.0,True,0,,,,,,,,,,,
232826,2428,3.6,Gordon,4,2025-26,False,3.0,False,6,,299.0,3.6,4.4,3.6333333333333333,2428.0,2662.0,2299.3333333333335,2428.0,2662.0,2299.3333333333335
232859,1790,2.0,Spence,6,2025-26,False,2.0,False,3,,2199.0,2.0,1.0,1.0,1790.0,895.0,598.3333333333334,1790.0,895.0,598.3333333333334
232892,3074,2.1,Bassey,54,2025-26,False,2.0,False,2,,2673.0,2.1,2.2,2.2,3074.0,2686.5,2686.5,3074.0,2686.5,2686.5
232928,1590,2.0,Garner,11,2025-26,False,3.0,False,6,,2426.0,2.0,2.2,2.0,1590.0,2295.5,1795.6666666666667,1590.0,2295.5,1795.6666666666667
233963,2035,1.4,Mavropanos,21,2025-26,False,2.0,False,6,,3348.0,1.4,1.75,1.1666666666666667,2035.0,1767.5,1178.3333333333333,2035.0,1767.5,1767.5
235448,0,0.0,Balcombe,94,2025-26,True,1.0,True,3,,,0.0,0.0,0.0,0.0,0.0,0.0,0.0,0.0,0.0
235674,0,0.0,Solomon,6,2025-26,False,3.0,False,3,,2199.0,0.0,1.4,1.7,0.0,98.0,252.0,0.0,98.0,98.0
235826,0,0.0,Piroe,2,2025-26,True,4.0,True,0,,,,,,,,,,,
240299,0,0.0,Hodge,39,2025-26,False,3.0,False,3,,2587.0,0.0,0.0,0.26666666666666666,0.0,0.0,57.333333333333336,0.0,0.0,57.333333333333336
240514,0,0.0,Scherpen,36,2025-26,True,1.0,True,3,,,0.0,0.0,0.0,0.0,0.0,0.0,0.0,0.0,0.0
241231,0,0.0,Jordan,90,2025-26,True,2.0,True,1,,,2.0,2.0,2.0,1234.0,1234.0,1234.0,1234.0,1234.0,1234.0
242880,332,1.4,B.Badiashile,8,2025-26,False,2.0,False,3,,2262.0,1.4,1.65,2.3000000000000003,332.0,834.5,857.6666666666666,332.0,834.5,857.6666666666666
242898,2171,4.2,Johnson,6,2025-26,False,3.0,False,3,,2199.0,4.2,3.95,3.7000000000000006,2171.0,2244.0,2472.6666666666665,2171.0,2244.0,2244.0
243016,2597,3.5,Mac Allister,14,2025-26,False,3.0,False,6,,103.0,3.5,3.4,3.6,2597.0,2598.5,2693.0,2597.0,2598.5,2598.5
243298,1921,3.6,Gakpo,14,2025-26,False,3.0,False,3,,103.0,3.6,3.3,3.6333333333333333,1921.0,1777.0,1669.6666666666667,1921.0,1777.0,1669.6666666666667
243345,0,0.0,O'Brien,17,2025-26,False,3.0,False,3,,3330.0,0.0,0.0,0.5666666666666667,0.0,0.0,192.66666666666666,0.0,0.0,192.66666666666666
243526,0,0.0,Gudmundsson,2,2025-26,True,2.0,True,0,,,,,,,,,,,
243571,342,1.4,Patterson,11,2025-26,False,2.0,False,4,,2426.0,1.4,1.5499999999999998,1.5666666666666667,342.0,671.0,872.0,342.0,671.0,872.0
244042,943,2.8,Muniz,54,2025-26,False,4.0,False,3,,2673.0,2.8,3.25,2.1666666666666665,943.0,1266.0,844.0,943.0,1266.0,844.0
244723,3090,3.3,Mitchell,31,2025-26,False,2.0,False,6,,3116.0,3.3,3.25,3.0333333333333337,3090.0,3147.0,3061.0,3090.0,3147.0,3061.0
244731,2393,5.1,Luis Díaz,14,2025-26,False,3.0,False,4,,103.0,5.1,4.45,4.166666666666667,2393.0,2509.0,2003.0,2393.0,2509.0,2003.0
244850,3115,4.4,Rogers,7,2025-26,False,3.0,False,2,,1613.0,4.4,3.8000000000000003,3.8000000000000003,3115.0,1875.5,1875.5,3115.0,1875.5,1875.5
244851,3193,5.8,Palmer,8,2025-26,False,3.0,False,6,,2262.0,5.8,6.5,4.8,3193.0,2905.0,2056.0,3193.0,2905.0,2905.0
244858,443,1.8,Carvalho,94,2025-26,False,3.0,False,3,,2584.0,1.8,1.9500000000000002,2.3000000000000003,443.0,391.0,345.3333333333333,443.0,443.0,443.0
244954,2019,2.3,Pau,7,2025-26,False,2.0,False,2,,1613.0,2.3,2.5999999999999996,2.5999999999999996,2019.0,2240.5,2240.5,2019.0,2240.5,2240.5
246301,349,1.1,J.Cuenca,54,2025-26,False,2.0,False,1,,2673.0,1.1,1.1,1.1,349.0,349.0,349.0,349.0,349.0,349.0
247245,0,0.0,Delcroix,90,2025-26,True,2.0,True,1,,,0.6,0.6,0.6,584.0,584.0,584.0,584.0,584.0,584.0
247348,3229,3.8,Muñoz,31,2025-26,False,2.0,False,2,,3116.0,3.8,3.65,3.65,3229.0,2334.5,2334.5,3229.0,2334.5,2334.5
247412,2587,4.1,Strand Larsen,39,2025-26,False,4.0,False,1,,2587.0,4.1,4.1,4.1,2587.0,2587.0,2587.0,2587.0,2587.0,2587.0
247632,2262,3.0,Neto,8,2025-26,False,3.0,False,6,,2262.0,3.0,3.65,3.133333333333333,2262.0,1889.0,1580.0,2262.0,2262.0,2262.0
248056,0,0.0,Tanaka,2,2025-26,True,3.0,True,0,,,,,,,,,,,
248857,2028,3.8,Madueke,3,2025-26,True,3.0,False,3,,,3.8,3.55,3.1,2028.0,1536.0,1237.0,,,
248875,1506,3.0,Doku,43,2025-26,False,3.0,False,2,,2218.0,3.0,3.2,3.2,1506.0,1545.5,1545.5,1506.0,1545.5,1545.5
248937,0,0.0,Greenwood,2,2025-26,True,3.0,True,3,,,1.7,1.9,1.2666666666666666,410.0,320.5,213.66666666666666,410.0,320.5,213.66666666666666
249231,3092,2.5,Lewis-Potter,94,2025-26,False,2.0,False,3,,2584.0,2.5,2.45,2.1,3092.0,2260.0,1611.0,3092.0,2260.0,1611.0
250199,1954,1.6,Dominguez,17,2025-26,False,3.0,False,2,,3330.0,1.6,2.1,2.1,1954.0,1721.5,1721.5,1954.0,1721.5,1721.5
250735,0,0.0,Churlinov,90,2025-26,True,3.0,True,1,,,0.0,0.0,0.0,0.0,0.0,0.0,0.0,0.0,0.0
424044,0,0.0,H.Traorè,91,2025-26,False,3.0,False,3,,2790.0,0.0,0.5,1.0,0.0,22.0,156.33333333333334,0.0,22.0,156.33333333333334
424876,2485,4.0,Szoboszlai,14,2025-26,False,3.0,False,2,,103.0,4.0,3.5,3.5,2485.0,2293.5,2293.5,2485.0,2293.5,2293.5
427623,1921,2.8,Richards,31,2025-26,False,2.0,False,3,,3116.0,2.8,2.5999999999999996,2.1999999999999997,1921.0,2006.0,1485.0,1921.0,2006.0,1485.0
427637,0,0.0,Aaronson,2,2025-26,True,3.0,True,1,,,2.3,2.3,2.3,2365.0,2365.0,2365.0,2365.0,2365.0,2365.0
428580,23,1.0,Onyeka,94,2025-26,False,3.0,False,4,,2584.0,1.0,1.25,1.4333333333333336,23.0,585.0,669.0,23.0,585.0,669.0
428971,0,0.0,Benda,54,2025-26,False,1.0,False,2,,2673.0,0.0,0.0,0.0,0.0,0.0,0.0,0.0,0.0,0.0
429414,0,0.0,Kalajdžić,39,2025-26,False,4.0,False,3,,2587.0,0.0,1.1,1.0666666666666667,0.0,79.0,67.66666666666667,0.0,79.0,67.66666666666667
430871,2596,5.4,Cunha,1,2025-26,True,3.0,False,3,,,5.4,4.800000000000001,3.966666666666667,2596.0,2517.0,1998.3333333333333,,,
431639,0,0.0,Flemming,90,2025-26,True,4.0,True,0,,,,,,,,,,,
432422,2625,2.9,Tonali,4,2025-26,False,3.0,False,2,,299.0,2.9,2.45,2.45,2625.0,1531.0,1531.0,2625.0,1531.0,1531.0
432714,340,2.1,McAtee,43,2025-26,False,3.0,False,4,,2218.0,2.1,2.3,1.5333333333333332,340.0,1077.5,718.3333333333334,340.0,170.0,119.33333333333333
432720,0,0.0,Trafford,43,2025-26,True,1.0,True,2,,,2.5,1.25,1.25,2520.0,1260.0,1260.0,0.0,0.0,0.0
432830,3420,3.3,Collins,94,2025-26,False,2.0,False,4,,2584.0,3.3,2.95,2.5999999999999996,3420.0,3034.5,2626.6666666666665,3420.0,3034.5,3034.5
433036,0,0.0,Reijnders,43,2025-26,True,3.0,True,0,,,,,,,,,,,
433154,1366,4.4,McNeil,11,2025-26,False,3.0,False,8,,2426.0,4.4,3.95,3.8000000000000003,1366.0,2128.5,2249.0,1366.0,2128.5,2249.0
433312,1077,3.6,Munetsi,39,2025-26,False,3.0,False,1,,2587.0,3.6,3.6,3.6,1077.0,1077.0,1077.0,1077.0,1077.0,1077.0
433952,0,0.0,Ramazani,2,2025-26,True,3.0,True,0,,,,,,,,,,,
434399,0,0.0,Reinildo,56,2025-26,True,2.0,True,0,,,,,,,,,,,
434752,0,0.0,Bijol,2,2025-26,True,2.0,True,0,,,,,,,,,,,
435973,0,0.0,Foster,90,2025-26,True,4.0,True,1,,,3.1,3.1,3.1,1898.0,1898.0,1898.0,1898.0,1898.0,1898.0
436234,0,0.0,Bryan,6,2025-26,False,3.0,False,4,,2199.0,0.0,0.55,1.1,0.0,100.0,115.33333333333333,0.0,100.0,115.33333333333333
436893,492,1.0,J.Araujo,91,2025-26,False,2.0,False,1,,2790.0,1.0,1.0,1.0,492.0,492.0,492.0,492.0,492.0,492.0
437495,0,0.0,Meslier,2,2025-26,True,1.0,True,3,,,2.6,2.7,3.266666666666667,3060.0,3222.0,3198.0,3060.0,3222.0,3198.0
437499,3116,3.3,Lacroix,31,2025-26,False,2.0,False,1,,3116.0,3.3,3.3,3.3,3116.0,3116.0,3116.0,3116.0,3116.0,3116.0
437505,0,0.0,Isidor,56,2025-26,True,4.0,True,0,,,,,,,,,,,
437730,3202,4.5,Semenyo,91,2025-26,False,3.0,False,3,,2790.0,4.5,3.8500000000000005,3.1,3202.0,2650.5,1850.3333333333333,3202.0,2650.5,1850.3333333333333
437738,0,0.0,Bornauw,2,2025-26,True,2.0,True,0,,,,,,,,,,,
437742,0,0.0,Sambi,3,2025-26,True,3.0,True,3,,,2.8,2.15,2.0,1304.0,1016.0,1053.6666666666667,1129.0,1129.0,1129.0
437748,0,0.0,Trésor,90,2025-26,True,3.0,True,1,,,1.2,1.2,1.2,410.0,410.0,410.0,410.0,410.0,410.0
438098,0,0.0,Fábio Vieira,3,2025-26,False,3.0,False,3,,1575.0,0.0,1.1,1.3333333333333333,0.0,145.0,263.3333333333333,0.0,145.0,263.3333333333333
438234,1174,4.6,Marmoush,43,2025-26,False,3.0,False,1,,2218.0,4.6,4.6,4.6,1174.0,1174.0,1174.0,1174.0,1174.0,1174.0
438464,443,1.5,Doucouré,31,2025-26,False,3.0,False,3,,3116.0,1.5,1.7,1.8666666666666665,443.0,681.5,1377.6666666666667,443.0,681.5,1377.6666666666667
439135,19,0.5,Cashin,36,2025-26,False,2.0,False,1,,1831.0,0.5,0.5,0.5,19.0,19.0,19.0,19.0,19.0,19.0
440089,2911,3.4,Damsgaard,94,2025-26,False,3.0,False,3,,2584.0,3.4,2.7,2.2333333333333334,2911.0,1870.0,1570.0,2911.0,1870.0,1570.0
440148,0,0.0,Morton,14,2025-26,False,3.0,False,2,,103.0,0.0,0.25,0.25,0.0,32.5,32.5,0.0,32.5,32.5
440854,1117,2.5,Kiwior,3,2025-26,False,2.0,False,3,,1575.0,2.5,2.95,3.1999999999999997,1117.0,1029.5,828.0,1117.0,1029.5,828.0
440955,0,0.0,Rusyn,56,2025-26,True,4.0,True,0,,,,,,,,,,,
440993,2426,3.5,Ndiaye,11,2025-26,False,3.0,False,3,,2426.0,3.5,1.75,1.5,2426.0,1213.0,812.3333333333334,2426.0,2426.0,2426.0
441024,0,0.0,Ashby,4,2025-26,True,2.0,True,3,,,0.0,0.0,0.3333333333333333,0.0,0.0,2.0,0.0,0.0,0.0
441164,2606,3.0,Pedro Porro,6,2025-26,False,2.0,False,3,,2199.0,3.0,3.45,3.6,2606.0,2848.0,2276.0,2606.0,2848.0,2276.0
441191,2835,2.8,Livramento,4,2025-26,False,2.0,False,5,,299.0,2.8,2.25,1.8333333333333333,2835.0,2068.5,1387.6666666666667,2835.0,2068.5,2068.5
441192,8,1.0,Sarmiento,36,2025-26,False,3.0,False,4,,1831.0,1.0,0.5,0.9333333333333332,8.0,4.0,58.666666666666664,8.0,4.0,58.666666666666664
441240,0,0.0,Faivre,91,2025-26,False,3.0,False,2,,2790.0,0.0,0.4,0.4,0.0,18.5,18.5,0.0,18.5,18.5
441266,3160,2.5,Gravenberch,14,2025-26,False,3.0,False,2,,103.0,2.5,2.1,2.1,3160.0,2135.0,2135.0,3160.0,2135.0,2135.0
441271,0,0.0,Hoever,39,2025-26,False,2.0,False,5,,2587.0,0.0,0.0,0.6,0.0,0.0,102.0,0.0,0.0,102.0
441302,1125,2.0,Maatsen,7,2025-26,False,2.0,False,2,,1613.0,2.0,1.45,1.45,1125.0,662.5,662.5,1125.0,1125.0,1125.0
444102,2317,4.1,Evanilson,91,2025-26,False,4.0,False,1,,2790.0,4.1,4.1,4.1,2317.0,2317.0,2317.0,2317.0,2317.0,2317.0
444145,2284,3.8,Martinelli,3,2025-26,False,3.0,False,6,,1575.0,3.8,3.6000000000000005,4.233333333333333,2284.0,2147.0,2361.0,2284.0,2147.0,2361.0
444172,0,0.0,Dennis,91,2025-26,False,1.0,False,2,,2790.0,0.0,0.0,0.0,0.0,0.0,0.0,0.0,0.0,0.0
444180,0,0.0,Anthony,90,2025-26,True,3.0,False,3,,,0.0,0.5,1.0,0.0,75.5,464.0,,,
444463,1172,1.9,Fofana,8,2025-26,False,2.0,False,5,,2262.0,1.9,0.95,1.3666666666666665,1172.0,586.0,844.6666666666666,1172.0,586.0,844.6666666666666
444765,2584,2.0,Van den Berg,94,2025-26,False,2.0,False,3,,2584.0,2.0,1.0,0.6666666666666666,2584.0,1292.0,861.3333333333334,2584.0,2584.0,2584.0
444884,359,1.8,Elliott,14,2025-26,False,3.0,False,7,,103.0,1.8,2.3,2.1666666666666665,359.0,844.5,1096.3333333333333,359.0,844.5,1096.3333333333333
445044,2386,3.7,Kulusevski,6,2025-26,False,3.0,False,4,,2199.0,3.7,3.6500000000000004,3.5,2386.0,2572.5,2402.3333333333335,2386.0,2572.5,2402.3333333333335
445122,2415,3.8,J.Timber,3,2025-26,False,2.0,False,2,,1575.0,3.8,1.9,1.9,2415.0,1242.5,1242.5,2415.0,1242.5,1242.5
446008,3415,6.2,Mbeumo,1,2025-26,True,3.0,False,4,,,6.2,5.65,5.066666666666666,3415.0,2686.0,2759.0,,,
447203,1113,2.2,Darwin,14,2025-26,False,4.0,False,3,,103.0,2.2,2.95,3.1,1113.0,1573.0,1610.0,1113.0,1573.0,1610.0
447325,0,0.0,Tyrer,11,2025-26,True,1.0,True,2,,,0.0,0.0,0.0,0.0,0.0,0.0,0.0,0.0,0.0
447715,0,0.0,A.Ramsey,90,2025-26,True,3.0,True,2,,,1.3,0.65,0.65,522.0,261.0,261.0,522.0,522.0,522.0
448047,2943,3.8,Enzo,8,2025-26,False,3.0,False,3,,2262.0,3.8,3.3,2.9666666666666663,2943.0,2575.5,2232.6666666666665,2943.0,2575.5,2232.6666666666665
448089,2975,2.4,Gomes,39,2025-26,False,3.0,False,3,,2587.0,2.4,2.3,2.1666666666666665,2975.0,2810.5,2090.0,2975.0,2810.5,2090.0
448514,3112,3.4,Aït-Nouri,43,2025-26,True,2.0,False,5,,,3.4,2.8499999999999996,2.5666666666666664,3112.0,2719.5,2168.6666666666665,,,
449027,0,0.0,Mamardashvili,14,2025-26,True,1.0,True,0,,,,,,,,,,,
449434,2496,4.0,Elanga,4,2025-26,True,3.0,False,5,,,4.0,3.6499999999999995,2.9,2496.0,2460.0,1779.0,,,
449871,1613,2.5,Onana,7,2025-26,False,3.0,False,3,,1613.0,2.5,2.35,2.3333333333333335,1613.0,1849.0,2061.3333333333335,1613.0,1613.0,1613.0
449988,0,0.0,Fábio Silva,39,2025-26,False,4.0,False,5,,2587.0,0.0,0.5,0.3333333333333333,0.0,129.5,86.33333333333333,0.0,129.5,86.33333333333333
450070,776,1.7,Summerville,21,2025-26,False,3.0,False,4,,3348.0,1.7,2.15,1.7666666666666666,776.0,1093.5,771.0,776.0,776.0,776.0
450072,0,0.0,Sambo,90,2025-26,True,2.0,True,0,,,,,,,,,,,
450535,0,0.0,Ebiowei,31,2025-26,False,3.0,False,3,,3116.0,0.0,0.0,0.3333333333333333,0.0,0.0,10.333333333333334,0.0,0.0,10.333333333333334
450539,0,0.0,Peart-Harris,94,2025-26,False,3.0,False,3,,2584.0,0.0,0.5,0.3333333333333333,0.0,5.5,3.6666666666666665,0.0,5.5,3.6666666666666665
450542,0,0.0,J.Rak-Sakyi,31,2025-26,False,3.0,False,5,,3116.0,0.0,0.65,0.43333333333333335,0.0,66.0,44.0,0.0,66.0,44.0
451302,360,2.0,Bayindir,1,2025-26,False,1.0,False,2,,2836.0,2.0,1.0,1.0,360.0,180.0,180.0,360.0,180.0,180.0
451340,2597,4.0,Mitoma,36,2025-26,False,3.0,False,3,,1831.0,4.0,3.9499999999999997,4.033333333333333,2597.0,2041.0,2131.0,2597.0,2041.0,2131.0
451432,0,0.0,David Carmo,17,2025-26,True,2.0,True,0,,,,,,,,,,,
456512,0,0.0,Ndoye,17,2025-26,True,3.0,True,0,,,,,,,,,,,
457569,0,0.0,Petrović,91,2025-26,True,1.0,False,2,,,0.0,1.55,1.55,0.0,993.0,993.0,,,
458249,1385,2.0,Zirkzee,1,2025-26,False,4.0,False,1,,2836.0,2.0,2.0,2.0,1385.0,1385.0,1385.0,1385.0,1385.0,1385.0
458297,0,0.0,Ekwah,56,2025-26,True,3.0,True,1,,,0.0,0.0,0.0,0.0,0.0,0.0,,,
460028,3150,3.1,Colwill,8,2025-26,False,2.0,False,3,,2262.0,3.1,2.95,2.8666666666666667,3150.0,2472.0,2054.0,3150.0,2472.0,2472.0
460842,2589,3.3,Kudus,6,2025-26,True,3.0,False,2,,,3.3,3.75,3.75,2589.0,2537.0,2537.0,,,
461188,0,0.0,Humphreys,90,2025-26,True,2.0,True,2,,,0.0,0.0,0.0,0.0,0.0,0.0,,,
461195,0,0.0,Cirkin,56,2025-26,True,2.0,True,1,,,0.0,0.0,0.0,0.0,0.0,0.0,,,
461199,0,0.0,Mundle,56,2025-26,True,3.0,True,1,,,0.0,0.0,0.0,0.0,0.0,0.0,,,
461421,0,0.0,Dobbin,7,2025-26,False,3.0,False,3,,1613.0,0.0,0.75,0.7333333333333334,0.0,113.0,85.33333333333333,0.0,0.0,0.0
461484,0,0.0,White,4,2025-26,False,3.0,False,3,,299.0,0.0,0.4,0.26666666666666666,0.0,6.0,4.0,0.0,6.0,4.0
461537,0,0.0,Mee,1,2025-26,False,1.0,False,2,,2836.0,0.0,0.0,0.0,0.0,0.0,0.0,0.0,0.0,0.0
461567,0,0.0,Dodgson,90,2025-26,True,2.0,True,2,,,0.0,0.0,0.0,0.0,0.0,0.0,0.0,0.0,0.0
462116,1824,2.0,Todibo,21,2025-26,False,2.0,False,1,,3348.0,2.0,2.0,2.0,1824.0,1824.0,1824.0,1824.0,1824.0,1824.0
462381,0,0.0,Marschall,7,2025-26,False,1.0,False,4,,1613.0,0.0,0.0,0.0,0.0,0.0,0.0,0.0,0.0,0.0
462424,3039,3.7,Saliba,3,2025-26,False,2.0,False,5,,1575.0,3.7,4.0,4.1000000000000005,3039.0,3229.5,2958.0,3039.0,3229.5,2958.0
462492,0,0.0,Gauci,7,2025-26,False,1.0,False,2,,1613.0,0.0,0.0,0.0,0.0,0.0,0.0,0.0,0.0,0.0
462635,0,0.0,Gelhardt,2,2025-26,True,3.0,True,3,,,1.3,1.7000000000000002,1.1333333333333335,201.0,467.0,311.3333333333333,201.0,467.0,311.3333333333333
463034,2587,3.6,Delap,8,2025-26,True,4.0,False,4,,,3.6,1.8,1.5333333333333332,2587.0,1293.5,865.0,,,
463067,1651,3.4,Georginio,36,2025-26,False,3.0,False,2,,1831.0,3.4,2.4,2.4,1651.0,957.0,957.0,1651.0,1651.0,1651.0
463748,0,0.0,Hein,3,2025-26,False,1.0,False,4,,1575.0,0.0,0.0,0.0,0.0,0.0,0.0,0.0,0.0,0.0
463936,0,0.0,Gittens,8,2025-26,True,3.0,True,0,,,,,,,,,,,
463981,443,1.7,Hill,91,2025-26,False,2.0,False,3,,2790.0,1.7,1.35,0.9,443.0,258.5,172.33333333333334,443.0,258.5,172.33333333333334
465351,1670,3.1,Matheus N.,43,2025-26,False,2.0,False,3,,2218.0,3.1,2.4000000000000004,2.4,1670.0,1250.5,1656.0,1670.0,1250.5,1250.5
465527,0,0.0,Hannibal,90,2025-26,True,3.0,False,4,,,0.0,1.1,0.9,0.0,65.5,66.0,,,
465694,760,2.8,N.Gonzalez,43,2025-26,False,3.0,False,1,,2218.0,2.8,2.8,2.8,760.0,760.0,760.0,760.0,760.0,760.0
465702,0,0.0,Pembele,56,2025-26,True,2.0,True,0,,,,,,,,,,,
465730,0,0.0,De Cuyper,36,2025-26,True,2.0,True,0,,,,,,,,,,,
465920,145,1.0,Mudryk,8,2025-26,False,3.0,False,3,,2262.0,1.0,2.0,1.9000000000000001,145.0,854.5,786.3333333333334,145.0,854.5,786.3333333333334
466052,0,0.0,Cherki,43,2025-26,True,3.0,True,0,,,,,,,,,,,
466075,978,2.1,Calafiori,3,2025-26,False,2.0,False,1,,1575.0,2.1,2.1,2.1,978.0,978.0,978.0,978.0,978.0,978.0
466117,0,0.0,Ahamada,31,2025-26,False,3.0,False,3,,3116.0,0.0,0.4,0.5666666666666668,0.0,166.0,139.66666666666666,0.0,166.0,139.66666666666666
466525,0,0.0,Stach,2,2025-26,True,3.0,True,0,,,,,,,,,,,
467169,135,1.0,Antony,1,2025-26,False,3.0,False,3,,2836.0,1.0,1.3,1.9666666666666668,135.0,723.0,1083.0,135.0,723.0,1083.0
467779,1003,2.1,Wieffer,36,2025-26,False,3.0,False,1,,1831.0,2.1,2.1,2.1,1003.0,1003.0,1003.0,1003.0,1003.0,1003.0
469142,2960,2.6,Van Hecke,36,2025-26,False,2.0,False,3,,1831.0,2.6,2.4000000000000004,1.8666666666666665,2960.0,2664.0,1873.0,2960.0,2664.0,1873.0
469247,0,0.0,Iling Jr,7,2025-26,False,3.0,False,1,,1613.0,0.0,0.0,0.0,0.0,0.0,0.0,0.0,0.0,0.0
469272,0,0.0,Tchaouna,90,2025-26,True,3.0,True,0,,,,,,,,,,,
470294,0,0.0,Gyabi,2,2025-26,True,3.0,True,1,,,1.0,1.0,1.0,7.0,7.0,7.0,7.0,7.0,7.0
471798,0,0.0,Slonina,8,2025-26,True,1.0,True,1,,,0.0,0.0,0.0,0.0,0.0,0.0,0.0,0.0,0.0
472713,0,0.0,Hickey,94,2025-26,False,2.0,False,3,,2584.0,0.0,0.95,1.4333333333333333,0.0,356.5,877.0,0.0,356.5,877.0
472739,0,0.0,Rushworth,36,2025-26,False,1.0,False,1,,1831.0,0.0,0.0,0.0,0.0,0.0,0.0,0.0,0.0,0.0
472769,525,3.4,O’Reilly,43,2025-26,False,2.0,False,2,,2218.0,3.4,1.7,1.7,525.0,262.5,262.5,525.0,262.5,262.5
474120,1155,2.4,Enciso,36,2025-26,True,3.0,False,3,,,2.4,2.05,2.3333333333333335,1155.0,811.5,805.6666666666666,468.0,631.0,631.0
474907,0,0.0,Welch,11,2025-26,False,2.0,False,4,,2426.0,0.0,0.0,0.0,0.0,0.0,0.0,0.0,0.0,0.0
475123,0,0.0,C.Miguel,17,2025-26,False,1.0,False,1,,3330.0,0.0,0.0,0.0,0.0,0.0,0.0,0.0,0.0,0.0
475168,1946,4.7,João Pedro,8,2025-26,True,4.0,False,4,,,4.7,4.05,3.4,1946.0,1991.5,1872.3333333333333,,,
476502,1,1.0,B.Traore,39,2025-26,False,3.0,False,3,,2587.0,1.0,1.0,1.1333333333333333,1.0,401.5,402.6666666666667,1.0,401.5,402.6666666666667
477064,1888,2.4,Lewis,43,2025-26,False,2.0,False,3,,2218.0,2.4,2.8,2.566666666666667,1888.0,1346.0,1197.3333333333333,1888.0,1346.0,1197.3333333333333
477424,3278,4.1,Gvardiol,43,2025-26,False,2.0,False,2,,2218.0,4.1,4.25,4.25,3278.0,2802.5,2802.5,3278.0,2802.5,2802.5
477547,0,0.0,Hjelde,56,2025-26,True,2.0,True,2,,,0.0,0.5,0.5,0.0,74.0,74.0,,,
477555,14,1.0,Bobb,43,2025-26,False,3.0,False,2,,2218.0,1.0,1.55,1.55,14.0,154.0,154.0,14.0,154.0,154.0
477580,3109,2.6,Zabarnyi,91,2025-26,False,2.0,False,3,,2790.0,2.6,2.45,2.1,3109.0,3219.5,2245.3333333333335,3109.0,3219.5,2245.3333333333335
477717,0,0.0,Estève,90,2025-26,True,2.0,True,1,,,0.9,0.9,0.9,1310.0,1310.0,1310.0,1310.0,1310.0,1310.0
477851,0,0.0,Ba,56,2025-26,True,3.0,True,0,,,,,,,,,,,
478969,0,0.0,Ekdal,90,2025-26,True,2.0,True,1,,,1.9,1.9,1.9,436.0,436.0,436.0,436.0,436.0,436.0
480455,2509,2.9,Branthwaite,11,2025-26,False,2.0,False,6,,2426.0,2.9,3.2,2.1333333333333333,2509.0,2812.5,1875.0,2509.0,2812.5,1875.0
481655,0,0.0,Zubimendi,3,2025-26,True,3.0,True,0,,,,,,,,,,,
482442,1901,2.0,P.M.Sarr,6,2025-26,False,3.0,False,3,,2199.0,2.0,2.25,1.9333333333333333,1901.0,1982.0,1391.6666666666667,1901.0,1982.0,1391.6666666666667
482609,1853,1.9,Gusto,8,2025-26,False,2.0,False,2,,2262.0,1.9,2.3,2.3,1853.0,1799.5,1799.5,1853.0,1799.5,1799.5
482973,0,0.0,Igor Jesus,17,2025-26,True,4.0,True,0,,,,,,,,,,,
483081,794,1.7,R.Gomes,39,2025-26,False,2.0,False,1,,2587.0,1.7,1.7,1.7,794.0,794.0,794.0,794.0,794.0,794.0
483364,0,0.0,Hegyi,21,2025-26,True,1.0,True,1,,,0.0,0.0,0.0,0.0,0.0,0.0,0.0,0.0,0.0
484420,0,0.0,E.Le Fée,56,2025-26,True,3.0,True,0,,,,,,,,,,,
485047,891,1.4,Morato,17,2025-26,False,2.0,False,1,,3330.0,1.4,1.4,1.4,891.0,891.0,891.0,891.0,891.0,891.0
485055,540,2.8,Kinsky,6,2025-26,False,1.0,False,1,,2199.0,2.8,2.8,2.8,540.0,540.0,540.0,540.0,540.0,540.0
486385,1521,2.9,Beto,11,2025-26,False,4.0,False,2,,2426.0,2.9,2.3,2.3,1521.0,1232.0,1232.0,1521.0,1232.0,1232.0
486520,0,0.0,Gruev,2,2025-26,True,3.0,True,0,,,,,,,,,,,
486672,3351,2.6,Caicedo,8,2025-26,False,3.0,False,5,,2262.0,2.6,2.5,2.3666666666666667,3351.0,3108.0,3118.0,3351.0,3108.0,3108.0
487053,1923,1.7,Udogie,6,2025-26,False,2.0,False,2,,2199.0,1.7,2.25,2.25,1923.0,2157.0,2157.0,1923.0,2157.0,2157.0
487117,385,1.3,Ferguson,36,2025-26,True,4.0,False,4,,,1.3,1.9500000000000002,2.433333333333333,385.0,870.5,894.3333333333334,1356.0,1149.0,773.3333333333334
487676,0,0.0,Hume,56,2025-26,True,2.0,True,0,,,,,,,,,,,
487702,0,0.0,Koleosho,90,2025-26,True,3.0,True,1,,,2.7,2.7,2.7,972.0,972.0,972.0,972.0,972.0,972.0
487838,2188,3.8,Hall,4,2025-26,False,2.0,False,4,,299.0,3.8,2.95,2.6666666666666665,2188.0,1480.5,1204.6666666666667,2188.0,1480.5,1480.5
489571,0,0.0,Green,90,2025-26,True,1.0,True,0,,,,,,,,,,,
489580,0,0.0,Ramsay,14,2025-26,True,2.0,True,1,,,0.0,0.0,0.0,0.0,0.0,0.0,0.0,0.0,0.0
489639,3240,2.9,Verbruggen,36,2025-26,False,1.0,False,2,,1831.0,2.9,3.05,3.05,3240.0,2565.0,2565.0,3240.0,2565.0,2565.0
489706,494,1.5,Devenny,31,2025-26,False,3.0,False,1,,3116.0,1.5,1.5,1.5,494.0,494.0,494.0,494.0,494.0,494.0
490000,0,0.0,Nna Noukeu,56,2025-26,True,1.0,True,0,,,,,,,,,,,
490094,562,1.2,Iroegbunam,11,2025-26,False,3.0,False,5,,2426.0,1.2,1.15,0.7666666666666666,562.0,359.5,239.66666666666666,562.0,562.0,562.0
490142,0,0.0,Potts,21,2025-26,True,3.0,True,0,,,,,,,,,,,
490145,31,2.0,Scarlett,6,2025-26,False,4.0,False,5,,2199.0,2.0,1.5,1.0,31.0,25.0,16.666666666666668,31.0,25.0,16.666666666666668
490721,0,0.0,H.Bueno,39,2025-26,False,2.0,False,5,,2587.0,0.0,0.65,1.0999999999999999,0.0,363.5,678.0,0.0,363.5,678.0
490881,174,1.0,Collyer,1,2025-26,False,3.0,False,2,,2836.0,1.0,0.5,0.5,174.0,87.0,87.0,174.0,87.0,87.0
490885,0,0.0,Earthy,21,2025-26,False,3.0,False,2,,3348.0,0.0,1.35,1.35,0.0,16.5,16.5,0.0,16.5,16.5
491007,0,0.0,D.Essugo,8,2025-26,True,3.0,True,0,,,,,,,,,,,
491012,42,0.8,Y.Chermiti,11,2025-26,False,4.0,False,2,,2426.0,0.8,0.8500000000000001,0.8500000000000001,42.0,119.0,119.0,42.0,119.0,119.0
491279,1014,2.5,Van de Ven,6,2025-26,False,2.0,False,2,,2199.0,2.5,2.75,2.75,1014.0,1677.5,1677.5,1014.0,1677.5,1677.5
491287,0,0.0,Barrenechea,7,2025-26,False,3.0,False,1,,1613.0,0.0,0.0,0.0,0.0,0.0,0.0,0.0,0.0,0.0
491501,0,0.0,McConnell,14,2025-26,False,3.0,False,2,,103.0,0.0,0.5,0.5,0.0,1.5,1.5,0.0,1.5,1.5
491557,0,0.0,Metcalfe,11,2025-26,False,3.0,False,2,,2426.0,0.0,0.0,0.0,0.0,0.0,0.0,0.0,0.0,0.0
492066,0,0.0,Huggins,56,2025-26,True,2.0,True,1,,,1.0,1.0,1.0,37.0,37.0,37.0,,,
492368,0,0.0,Schmidt,2,2025-26,True,2.0,True,0,,,,,,,,,,,
492777,744,2.2,Bradley,14,2025-26,False,2.0,False,3,,103.0,2.2,3.35,2.2333333333333334,744.0,748.0,498.6666666666667,744.0,748.0,498.6666666666667
492831,0,0.0,Amdouni,90,2025-26,True,4.0,True,1,,,2.5,2.5,2.5,1953.0,1953.0,1953.0,1953.0,1953.0,1953.0
492859,0,0.0,Gnonto,2,2025-26,True,3.0,True,1,,,2.3,2.3,2.3,1346.0,1346.0,1346.0,1346.0,1346.0,1346.0
493105,2188,2.9,Garnacho,1,2025-26,False,3.0,False,4,,2836.0,2.9,3.25,2.8666666666666667,2188.0,2376.0,1769.6666666666667,2188.0,2376.0,1769.6666666666667
493125,1250,1.5,Dragusin,6,2025-26,False,2.0,False,2,,2199.0,1.5,1.55,1.55,1250.0,837.0,837.0,1250.0,837.0,837.0
493250,1898,5.0,Amad,1,2025-26,False,3.0,False,5,,2836.0,5.0,3.8,2.533333333333333,1898.0,1141.5,761.0,1898.0,1141.5,761.0
493837,0,0.0,Matete,56,2025-26,True,3.0,True,0,,,,,,,,,,,
494521,0,0.0,Truffert,91,2025-26,True,2.0,True,0,,,,,,,,,,,
494595,0,0.0,Wirtz,14,2025-26,True,3.0,True,0,,,,,,,,,,,
494960,0,0.0,Hartman,90,2025-26,True,2.0,True,0,,,,,,,,,,,
495145,0,0.0,Paulsen,91,2025-26,False,1.0,False,1,,2790.0,0.0,0.0,0.0,0.0,0.0,0.0,0.0,0.0,0.0
495161,0,0.0,Stamenic,17,2025-26,True,3.0,True,0,,,,,,,,,,,
496178,90,0.0,Dixon,11,2025-26,False,2.0,False,1,,2426.0,0.0,0.0,0.0,90.0,90.0,90.0,90.0,90.0,90.0
496208,0,0.0,Doak,14,2025-26,False,3.0,False,3,,103.0,0.0,0.5,0.6666666666666666,0.0,6.5,12.0,0.0,6.5,12.0
496221,1314,2.1,Wharton,31,2025-26,False,3.0,False,2,,3116.0,2.1,2.6,2.6,1314.0,1305.0,1305.0,1314.0,1305.0,1305.0
496279,0,0.0,Heath,11,2025-26,False,3.0,False,1,,2426.0,0.0,0.0,0.0,0.0,0.0,0.0,0.0,0.0,0.0
497606,0,0.0,Chirewa,39,2025-26,False,3.0,False,2,,2587.0,0.0,0.5,0.5,0.0,69.0,69.0,0.0,69.0,69.0
497894,1998,2.4,Højlund,1,2025-26,False,4.0,False,2,,2836.0,2.4,3.05,3.05,1998.0,2077.0,2077.0,1998.0,2077.0,2077.0
498016,0,0.0,Roefs,56,2025-26,True,1.0,True,0,,,,,,,,,,,
499167,0,0.0,Nichols,3,2025-26,False,2.0,False,1,,1575.0,0.0,0.0,0.0,0.0,0.0,0.0,0.0,0.0,0.0
499169,1362,1.6,Lewis-Skelly,3,2025-26,False,2.0,False,2,,1575.0,1.6,0.8,0.8,1362.0,681.0,681.0,1362.0,681.0,681.0
499175,882,2.5,Nwaneri,3,2025-26,False,3.0,False,3,,1575.0,2.5,1.75,1.5,882.0,447.5,298.6666666666667,882.0,447.5,298.6666666666667
499300,0,0.0,Aznou,11,2025-26,True,2.0,True,0,,,,,,,,,,,
499309,71,1.0,Marc Guiu,56,2025-26,True,4.0,False,1,,,1.0,1.0,1.0,71.0,71.0,71.0,,,
499717,4,1.0,Meghoma,94,2025-26,False,2.0,False,1,,2584.0,1.0,1.0,1.0,4.0,4.0,4.0,4.0,4.0,4.0
499721,359,1.9,Moore,6,2025-26,False,3.0,False,2,,2199.0,1.9,1.45,1.45,359.0,181.0,181.0,359.0,181.0,181.0
499726,0,0.0,Olusesi,6,2025-26,False,3.0,False,1,,2199.0,0.0,0.0,0.0,0.0,0.0,0.0,0.0,0.0,0.0
500040,0,0.0,Mosquera,3,2025-26,True,2.0,True,0,,,,,,,,,,,
500058,10,1.0,Danns,14,2025-26,False,4.0,False,2,,103.0,1.0,0.75,0.75,10.0,8.5,8.5,10.0,8.5,8.5
500696,0,0.0,Triantis,56,2025-26,True,3.0,True,0,,,,,,,,,,,
501837,441,0.6,Mosquera,39,2025-26,False,2.0,False,4,,2587.0,0.6,0.3,0.19999999999999998,441.0,220.5,147.0,441.0,220.5,147.0
502500,167,1.1,Thiago,94,2025-26,False,4.0,False,1,,2584.0,1.1,1.1,1.1,167.0,167.0,167.0,167.0,167.0,167.0
502697,766,2.8,Alcaraz,11,2025-26,False,3.0,False,2,,2426.0,2.8,2.95,2.95,766.0,895.0,895.0,766.0,766.0,766.0
503139,745,1.3,Scott,91,2025-26,False,3.0,False,2,,2790.0,1.3,1.55,1.55,745.0,874.0,874.0,745.0,874.0,874.0
503300,0,0.0,Cox,94,2025-26,True,1.0,True,3,,,0.0,0.0,0.0,0.0,0.0,0.0,0.0,0.0,0.0
503714,0,0.0,Ugochukwu,90,2025-26,True,3.0,False,2,,,1.8,1.4500000000000002,1.4500000000000002,1652.0,974.0,974.0,,,
504296,0,0.0,Ebere,11,2025-26,False,3.0,False,1,,2426.0,0.0,0.0,0.0,0.0,0.0,0.0,0.0,0.0,0.0
507433,144,1.0,Valdimarsson,94,2025-26,False,1.0,False,2,,2584.0,1.0,0.5,0.5,144.0,72.0,72.0,144.0,72.0,72.0
508395,1435,1.4,Yarmoliuk,94,2025-26,False,3.0,False,2,,2584.0,1.4,1.2999999999999998,1.2999999999999998,1435.0,1052.5,1052.5,1435.0,1052.5,1052.5
508479,540,3.0,Jörgensen,8,2025-26,False,1.0,False,1,,2262.0,3.0,3.0,3.0,540.0,540.0,540.0,540.0,540.0,540.0
509291,2472,1.8,André,39,2025-26,False,3.0,False,1,,2587.0,1.8,1.8,1.8,2472.0,2472.0,2472.0,2472.0,2472.0,2472.0
509416,1958,2.2,Ayari,36,2025-26,False,3.0,False,3,,1831.0,2.2,1.1,1.0666666666666667,1958.0,979.0,674.3333333333334,1958.0,979.0,674.3333333333334
510281,1760,3.7,Savinho,43,2025-26,False,3.0,False,1,,2218.0,3.7,3.7,3.7,1760.0,1760.0,1760.0,1760.0,1760.0,1760.0
510362,2613,2.5,Toti,39,2025-26,False,2.0,False,4,,2587.0,2.5,2.4,2.433333333333333,2613.0,2692.0,2120.6666666666665,2613.0,2692.0,2120.6666666666665
510500,835,1.7,Jota,17,2025-26,False,3.0,False,1,,3330.0,1.7,1.7,1.7,835.0,835.0,835.0,835.0,835.0,835.0
510663,0,0.0,Ekitiké,14,2025-26,True,4.0,True,0,,,,,,,,,,,
511499,908,3.2,Tel,6,2025-26,False,3.0,False,1,,2199.0,3.2,3.2,3.2,908.0,908.0,908.0,908.0,908.0,908.0
512462,1568,3.2,O'Brien,11,2025-26,False,2.0,False,2,,2426.0,3.2,1.6,1.6,1568.0,784.0,784.0,1568.0,1568.0,1568.0
513418,2281,3.9,Schade,94,2025-26,False,3.0,False,3,,2584.0,3.9,3.45,2.8333333333333335,2281.0,1304.0,1110.3333333333333,2281.0,1304.0,1110.3333333333333
513433,676,2.1,Gruda,36,2025-26,False,3.0,False,1,,1831.0,2.1,2.1,2.1,676.0,676.0,676.0,676.0,676.0,676.0
513834,0,0.0,Moran,36,2025-26,False,3.0,False,2,,1831.0,0.0,0.5,0.5,0.0,5.5,5.5,0.0,5.5,5.5
514254,507,1.9,Gomez,36,2025-26,False,3.0,False,1,,1831.0,1.9,1.9,1.9,507.0,507.0,507.0,507.0,507.0,507.0
514315,0,0.0,Sousa,7,2025-26,False,2.0,False,2,,1613.0,0.0,0.0,0.0,0.0,0.0,0.0,0.0,0.0,0.0
514356,792,1.6,Lavia,8,2025-26,False,3.0,False,4,,2262.0,1.6,1.3,1.5333333333333332,792.0,412.0,1014.3333333333334,792.0,412.0,412.0
514613,0,0.0,Johnson,56,2025-26,True,2.0,True,0,,,,,,,,,,,
515024,0,0.0,Harris,54,2025-26,False,3.0,False,3,,2673.0,0.0,1.0,1.0,0.0,37.0,28.0,0.0,37.0,28.0
515597,473,0.8,Bogarde,7,2025-26,False,2.0,False,3,,1613.0,0.8,0.4,0.26666666666666666,473.0,236.5,157.66666666666666,473.0,236.5,157.66666666666666
515621,90,1.0,Chadi Riad,31,2025-26,False,2.0,False,1,,3116.0,1.0,1.0,1.0,90.0,90.0,90.0,90.0,90.0,90.0
516211,0,0.0,Sima,36,2025-26,True,3.0,True,0,,,,,,,,,,,
516895,1646,1.7,Mainoo,1,2025-26,False,3.0,False,3,,2836.0,1.7,2.45,1.9666666666666668,1646.0,1786.5,1194.3333333333333,1646.0,1786.5,1194.3333333333333
516939,1410,2.8,Agbadou,39,2025-26,False,2.0,False,1,,2587.0,2.8,2.8,2.8,1410.0,1410.0,1410.0,1410.0,1410.0,1410.0
517052,2220,4.0,N.Jackson,8,2025-26,False,4.0,False,2,,2262.0,4.0,4.05,4.05,2220.0,2510.5,2510.5,2220.0,2510.5,2510.5
517179,1,1.0,Pond,39,2025-26,False,2.0,False,1,,2587.0,1.0,1.0,1.0,1.0,1.0,1.0,1.0,1.0,1.0
518030,0,0.0,Weiss,90,2025-26,True,1.0,True,0,,,,,,,,,,,
518438,1,1.0,Casey,21,2025-26,False,2.0,False,3,,3348.0,1.0,1.0,0.6666666666666666,1.0,1.0,0.6666666666666666,1.0,1.0,0.6666666666666666
518442,47,1.0,Orford,21,2025-26,False,3.0,False,2,,3348.0,1.0,0.5,0.5,47.0,23.5,23.5,47.0,23.5,23.5
518906,0,0.0,Bevan,91,2025-26,True,2.0,True,1,,,1.0,1.0,1.0,8.0,8.0,8.0,8.0,8.0,8.0
519634,0,0.0,Seelt,56,2025-26,True,2.0,True,0,,,,,,,,,,,
519895,0,0.0,Sonne,90,2025-26,True,2.0,True,0,,,,,,,,,,,
530121,1,1.0,Silcott-Duberry,91,2025-26,False,3.0,False,1,,2790.0,1.0,1.0,1.0,1.0,1.0,1.0,1.0,1.0,1.0
530318,0,0.0,Rodney,31,2025-26,False,3.0,False,3,,3116.0,0.0,0.0,0.0,0.0,0.0,0.0,0.0,0.0,0.0
531363,0,0.0,Fraser,39,2025-26,False,4.0,False,3,,2587.0,0.0,0.5,0.3333333333333333,0.0,91.5,61.0,0.0,91.5,61.0
531989,0,0.0,Ozoh,31,2025-26,False,3.0,False,3,,3116.0,0.0,0.45,0.6333333333333333,0.0,74.0,49.666666666666664,0.0,74.0,49.666666666666664
532529,1839,3.4,Hinshelwood,36,2025-26,False,3.0,False,3,,1831.0,3.4,3.45,2.6333333333333333,1839.0,1352.5,902.0,1839.0,1352.5,902.0
532605,0,0.0,Andrey Santos,8,2025-26,False,3.0,False,3,,2262.0,0.0,0.5,0.3333333333333333,0.0,3.5,2.3333333333333335,0.0,3.5,2.3333333333333335
533463,1998,3.5,O.Dango,91,2025-26,False,3.0,False,3,,2790.0,3.5,2.7,2.6666666666666665,1998.0,1606.0,1483.6666666666667,1998.0,1606.0,1483.6666666666667
533710,0,0.0,Morgan,94,2025-26,False,4.0,False,1,,2584.0,0.0,0.0,0.0,0.0,0.0,0.0,0.0,0.0,0.0
535017,0,0.0,Eyestone,94,2025-26,False,1.0,False,1,,2584.0,0.0,0.0,0.0,0.0,0.0,0.0,0.0,0.0,0.0
535301,2660,2.6,Baleba,36,2025-26,False,3.0,False,2,,1831.0,2.6,1.9500000000000002,1.9500000000000002,2660.0,1987.0,1987.0,2660.0,1987.0,1987.0
535818,1081,2.1,Adingra,56,2025-26,True,3.0,False,2,,,2.1,2.6,2.6,1081.0,1650.5,1650.5,,,
535928,0,0.0,Bajcetic,14,2025-26,False,3.0,False,3,,103.0,0.0,0.5,1.0,0.0,12.5,182.33333333333334,0.0,12.5,182.33333333333334
536109,659,1.9,Scarles,21,2025-26,False,2.0,False,2,,3348.0,1.9,0.95,0.95,659.0,329.5,329.5,659.0,329.5,329.5
536119,0,0.0,Crew,2,2025-26,True,3.0,True,0,,,,,,,,,,,
536241,0,0.0,Sherif,11,2025-26,False,4.0,False,1,,2426.0,0.0,0.0,0.0,0.0,0.0,0.0,0.0,0.0,0.0
536694,52,2.2,M.França,31,2025-26,False,3.0,False,2,,3116.0,2.2,1.9000000000000001,1.9000000000000001,52.0,138.0,138.0,52.0,138.0,138.0
536916,1508,2.4,Buonanotte,36,2025-26,True,3.0,False,3,,,2.4,2.25,2.1666666666666665,1508.0,1432.0,1140.6666666666667,1356.0,957.0,957.0
537403,0,0.0,Young,7,2025-26,False,3.0,False,3,,1613.0,0.0,0.0,0.0,0.0,0.0,0.0,0.0,0.0,0.0
538207,124,1.4,Osula,4,2025-26,False,4.0,False,3,,299.0,1.4,1.2999999999999998,0.8666666666666666,124.0,451.0,300.6666666666667,124.0,124.0,124.0
541462,0,0.0,Akinmboni,91,2025-26,False,2.0,False,1,,2790.0,0.0,0.0,0.0,0.0,0.0,0.0,0.0,0.0,0.0
543295,0,0.0,Milambo,94,2025-26,True,3.0,True,0,,,,,,,,,,,
544877,3336,3.5,Kerkez,14,2025-26,True,2.0,False,2,,,3.5,2.8,2.8,3336.0,2651.0,2651.0,,,
545477,0,0.0,A.Murphy,4,2025-26,False,2.0,False,2,,299.0,0.0,0.5,0.5,0.0,5.5,5.5,0.0,5.5,5.5
547027,0,0.0,Diarra,56,2025-26,True,3.0,True,0,,,,,,,,,,,
547037,0,0.0,J.Fletcher,1,2025-26,False,3.0,False,1,,2836.0,0.0,0.0,0.0,0.0,0.0,0.0,0.0,0.0,0.0
547410,0,0.0,H.Jones,56,2025-26,True,3.0,True,0,,,,,,,,,,,
547676,166,1.0,Fredricson,1,2025-26,False,2.0,False,1,,2836.0,1.0,1.0,1.0,166.0,166.0,166.0,166.0,166.0,166.0
547701,1750,1.6,Gray,6,2025-26,False,3.0,False,3,,2199.0,1.6,0.8,0.5333333333333333,1750.0,875.0,583.3333333333334,1750.0,1750.0,1750.0
547719,304,1.5,L.Miley,4,2025-26,False,3.0,False,3,,299.0,1.5,2.05,1.7,304.0,753.5,507.0,304.0,753.5,507.0
547720,0,0.0,Tasker,36,2025-26,False,2.0,False,1,,1831.0,0.0,0.0,0.0,0.0,0.0,0.0,0.0,0.0,0.0
547801,0,0.0,Bates,11,2025-26,False,3.0,False,1,,2426.0,0.0,0.0,0.0,0.0,0.0,0.0,0.0,0.0,0.0
548308,0,0.0,Phillips,6,2025-26,False,2.0,False,2,,2199.0,0.0,0.0,0.0,0.0,0.0,0.0,0.0,0.0,0.0
549067,0,0.0,Abbott,17,2025-26,False,2.0,False,1,,3330.0,0.0,0.0,0.0,0.0,0.0,0.0,0.0,0.0,0.0
549074,0,0.0,Watson,36,2025-26,True,3.0,True,0,,,,,,,,,,,
549329,0,0.0,Lucas Pires,90,2025-26,True,2.0,True,0,,,,,,,,,,,
549912,0,0.0,Talbi,56,2025-26,True,3.0,True,0,,,,,,,,,,,
549939,0,0.0,Penders,8,2025-26,True,1.0,True,0,,,,,,,,,,,
550090,0,0.0,Coppola,36,2025-26,True,2.0,True,0,,,,,,,,,,,
550141,0,0.0,Mazilu,36,2025-26,False,3.0,False,1,,1831.0,0.0,0.0,0.0,0.0,0.0,0.0,0.0,0.0,0.0
550596,0,0.0,Sadi,91,2025-26,False,3.0,False,3,,2790.0,0.0,0.5,0.3333333333333333,0.0,0.5,0.3333333333333333,0.0,0.5,0.3333333333333333
550615,177,2.1,George,8,2025-26,False,3.0,False,2,,2262.0,2.1,1.05,1.05,177.0,88.5,88.5,177.0,88.5,88.5
550839,843,2.1,Odobert,6,2025-26,False,3.0,False,2,,2199.0,2.1,2.45,2.45,843.0,1469.0,1469.0,843.0,843.0,843.0
550864,1160,1.0,Yoro,1,2025-26,False,2.0,False,1,,2836.0,1.0,1.0,1.0,1160.0,1160.0,1160.0,1160.0,1160.0,1160.0
551153,0,0.0,Luís Hemir,56,2025-26,True,4.0,True,0,,,,,,,,,,,
551206,0,0.0,Banel,90,2025-26,True,3.0,True,0,,,,,,,,,,,
551210,0,0.0,Hato,8,2025-26,True,2.0,True,0,,,,,,,,,,,
551221,0,0.0,Setford,3,2025-26,False,1.0,False,1,,1575.0,0.0,0.0,0.0,0.0,0.0,0.0,0.0,0.0,0.0
552427,10,1.0,Lankshear,6,2025-26,False,4.0,False,1,,2199.0,1.0,1.0,1.0,10.0,10.0,10.0,10.0,10.0,10.0
553299,0,0.0,Takai,6,2025-26,True,2.0,True,0,,,,,,,,,,,
554197,0,0.0,Rigg,56,2025-26,True,3.0,True,0,,,,,,,,,,,
556639,0,0.0,Fitzgerald,1,2025-26,False,3.0,False,1,,2836.0,0.0,0.0,0.0,0.0,0.0,0.0,0.0,0.0,0.0
559684,0,0.0,Moorhouse,1,2025-26,False,3.0,False,1,,2836.0,0.0,0.0,0.0,0.0,0.0,0.0,0.0,0.0,0.0
559962,0,0.0,Jimoh-Aloba,7,2025-26,False,3.0,False,1,,1613.0,0.0,0.0,0.0,0.0,0.0,0.0,0.0,0.0,0.0
560248,0,0.0,Meupiyou,39,2025-26,False,2.0,False,1,,2587.0,0.0,0.0,0.0,0.0,0.0,0.0,0.0,0.0,0.0
560262,0,0.0,Kroupi.Jr,91,2025-26,True,4.0,True,0,,,,,,,,,,,
563324,0,0.0,Clarke,3,2025-26,False,2.0,False,1,,1575.0,0.0,0.0,0.0,0.0,0.0,0.0,0.0,0.0,0.0
564406,0,0.0,Mayenda,56,2025-26,True,4.0,True,0,,,,,,,,,,,
564510,0,0.0,Kuol,4,2025-26,False,3.0,False,3,,299.0,0.0,0.0,0.0,0.0,0.0,0.0,0.0,0.0,0.0
565297,0,0.0,Mateo Joseph,2,2025-26,True,4.0,True,1,,,1.0,1.0,1.0,24.0,24.0,24.0,24.0,24.0,24.0
565431,0,0.0,Marshall,21,2025-26,True,4.0,True,1,,,0.0,0.0,0.0,0.0,0.0,0.0,0.0,0.0,0.0
566164,0,0.0,Nypan,43,2025-26,True,3.0,True,0,,,,,,,,,,,
567121,0,0.0,Knight,36,2025-26,False,3.0,False,1,,1831.0,0.0,0.0,0.0,0.0,0.0,0.0,0.0,0.0,0.0
568791,0,0.0,McKenna,91,2025-26,False,1.0,False,2,,2790.0,0.0,0.0,0.0,0.0,0.0,0.0,0.0,0.0,0.0
569014,28,1.0,Da Silva Moreira,17,2025-26,False,3.0,False,1,,3330.0,1.0,1.0,1.0,28.0,28.0,28.0,28.0,28.0,28.0
570241,28,1.0,Ji-soo,94,2025-26,False,2.0,False,2,,2584.0,1.0,0.5,0.5,28.0,14.0,14.0,28.0,14.0,14.0
570526,1200,1.6,Bergvall,6,2025-26,False,3.0,False,1,,2199.0,1.6,1.6,1.6,1200.0,1200.0,1200.0,1200.0,1200.0,1200.0
573062,21,1.0,Godo,54,2025-26,False,3.0,False,2,,2673.0,1.0,0.5,0.5,21.0,10.5,10.5,21.0,10.5,10.5
574398,0,0.0,Umeh,31,2025-26,False,3.0,False,2,,3116.0,0.0,0.0,0.0,0.0,0.0,0.0,0.0,0.0,0.0
574458,0,0.0,M.Sarr,8,2025-26,True,2.0,True,0,,,,,,,,,,,
575034,0,0.0,Wheatley,1,2025-26,False,4.0,False,2,,2836.0,0.0,0.5,0.5,0.0,6.5,6.5,0.0,6.5,6.5
575204,5,1.0,Echeverri,43,2025-26,False,3.0,False,1,,2218.0,1.0,1.0,1.0,5.0,5.0,5.0,5.0,5.0,5.0
575458,0,0.0,Jair Cunha,17,2025-26,True,2.0,True,0,,,,,,,,,,,
575476,3188,3.6,Murillo,17,2025-26,False,2.0,False,2,,3330.0,3.6,2.7,2.7,3188.0,2989.0,2989.0,3188.0,2989.0,2989.0
575901,9,1.0,Soler,91,2025-26,False,2.0,False,1,,2790.0,1.0,1.0,1.0,9.0,9.0,9.0,9.0,9.0,9.0
576323,0,0.0,Adewumi,90,2025-26,True,3.0,True,0,,,,,,,,,,,
576756,0,0.0,Redmond,7,2025-26,True,4.0,True,0,,,,,,,,,,,
576980,0,0.0,Marsh,31,2025-26,False,4.0,False,1,,3116.0,0.0,0.0,0.0,0.0,0.0,0.0,0.0,0.0,0.0
577016,168,1.0,Acheampong,8,2025-26,False,2.0,False,2,,2262.0,1.0,1.0,1.0,168.0,86.5,86.5,168.0,86.5,86.5
577114,139,1.0,L.Guilherme,21,2025-26,False,3.0,False,1,,3348.0,1.0,1.0,1.0,139.0,139.0,139.0,139.0,139.0,139.0
577669,0,0.0,Sadiki,56,2025-26,True,3.0,True,0,,,,,,,,,,,
577725,126,1.2,King,54,2025-26,False,3.0,False,2,,2673.0,1.2,0.6,0.6,126.0,63.0,63.0,126.0,63.0,63.0
577731,0,0.0,Broggio,7,2025-26,False,3.0,False,1,,1613.0,0.0,0.0,0.0,0.0,0.0,0.0,0.0,0.0,0.0
577974,345,0.8,Amass,1,2025-26,False,2.0,False,2,,2836.0,0.8,0.4,0.4,345.0,172.5,172.5,345.0,172.5,172.5
578153,503,2.3,Khusanov,43,2025-26,False,2.0,False,1,,2218.0,2.3,2.3,2.3,503.0,503.0,503.0,503.0,503.0,503.0
578512,0,0.0,Pivas,4,2025-26,False,2.0,False,1,,299.0,0.0,0.0,0.0,0.0,0.0,0.0,0.0,0.0,0.0
578614,0,0.0,Boateng,90,2025-26,True,3.0,True,1,,,0.0,0.0,0.0,0.0,0.0,0.0,0.0,0.0,0.0
579075,4,1.0,Agbinone,31,2025-26,False,3.0,False,1,,3116.0,1.0,1.0,1.0,4.0,4.0,4.0,4.0,4.0,4.0
586268,0,0.0,Pécsi,14,2025-26,True,1.0,True,0,,,,,,,,,,,
586309,0,0.0,Barry,11,2025-26,True,4.0,True,0,,,,,,,,,,,
587178,0,0.0,Yasin,7,2025-26,True,2.0,True,0,,,,,,,,,,,
588555,0,0.0,Harrison,1,2025-26,False,1.0,False,1,,2836.0,0.0,0.0,0.0,0.0,0.0,0.0,0.0,0.0,0.0
588793,0,0.0,Kacurri,3,2025-26,False,2.0,False,1,,1575.0,0.0,0.0,0.0,0.0,0.0,0.0,0.0,0.0,0.0
588796,0,0.0,Kabia,3,2025-26,False,3.0,False,1,,1575.0,0.0,0.0,0.0,0.0,0.0,0.0,0.0,0.0,0.0
589100,0,0.0,Slater,36,2025-26,False,2.0,False,1,,1831.0,0.0,0.0,0.0,0.0,0.0,0.0,0.0,0.0,0.0
589507,0,0.0,Chiwome,39,2025-26,False,4.0,False,2,,2587.0,0.0,0.85,0.85,0.0,86.5,86.5,0.0,86.5,86.5
590012,11,1.0,Kporha,31,2025-26,False,2.0,False,1,,3116.0,1.0,1.0,1.0,11.0,11.0,11.0,11.0,11.0,11.0
590760,0,0.0,Adu-Adjei,91,2025-26,False,4.0,False,2,,2790.0,0.0,0.0,0.0,0.0,0.0,0.0,0.0,0.0,0.0
591357,3,1.0,Trevitt,94,2025-26,False,3.0,False,3,,2584.0,1.0,0.5,0.3333333333333333,3.0,1.5,1.0,3.0,1.5,1.0
591385,0,0.0,Amissah,54,2025-26,False,2.0,False,1,,2673.0,0.0,0.0,0.0,0.0,0.0,0.0,0.0,0.0,0.0
591386,0,0.0,Nyoni,14,2025-26,False,3.0,False,2,,103.0,0.0,0.0,0.0,0.0,0.0,0.0,0.0,0.0,0.0
592031,1831,3.2,Minteh,36,2025-26,False,3.0,False,1,,1831.0,3.2,3.2,3.2,1831.0,1831.0,1831.0,1831.0,1831.0,1831.0
593001,0,0.0,Gonzalez,39,2025-26,False,3.0,False,2,,2587.0,0.0,0.5,0.5,0.0,0.5,0.5,0.0,0.5,0.5
596047,160,1.0,Obi,1,2025-26,False,4.0,False,1,,2836.0,1.0,1.0,1.0,160.0,160.0,160.0,160.0,160.0,160.0
596054,0,0.0,Edozie,39,2025-26,False,3.0,False,1,,2587.0,0.0,0.0,0.0,0.0,0.0,0.0,0.0,0.0,0.0
596777,840,1.5,Dorgu,1,2025-26,False,2.0,False,1,,2836.0,1.5,1.5,1.5,840.0,840.0,840.0,840.0,840.0,840.0
599303,0,0.0,Neave,4,2025-26,False,4.0,False,1,,299.0,0.0,0.0,0.0,0.0,0.0,0.0,0.0,0.0,0.0
606689,0,0.0,Donovan,94,2025-26,True,3.0,True,0,,,,,,,,,,,
606745,169,2.5,Heaven,1,2025-26,False,2.0,False,1,,2836.0,2.5,2.5,2.5,169.0,169.0,169.0,169.0,169.0,169.0
606775,22,1.0,Winterburn,91,2025-26,False,3.0,False,1,,2790.0,1.0,1.0,1.0,22.0,22.0,22.0,22.0,22.0,22.0
606798,316,1.1,A.García,7,2025-26,False,2.0,False,1,,1613.0,1.1,1.1,1.1,316.0,316.0,316.0,316.0,316.0,316.0
606921,138,3.1,Esse,31,2025-26,False,3.0,False,1,,3116.0,3.1,3.1,3.1,138.0,138.0,138.0,138.0,138.0,138.0
607464,523,2.2,Kayode,94,2025-26,False,2.0,False,1,,2584.0,2.2,2.2,2.2,523.0,523.0,523.0,523.0,523.0,523.0
608181,0,0.0,Tzimas,36,2025-26,True,4.0,True,0,,,,,,,,,,,
609873,47,0.7,Armstrong,11,2025-26,False,3.0,False,1,,2426.0,0.7,0.7,0.7,47.0,47.0,47.0,47.0,47.0,47.0
610799,0,0.0,Vuskovic,6,2025-26,True,2.0,True,0,,,,,,,,,,,
611134,0,0.0,Paez,8,2025-26,True,3.0,True,0,,,,,,,,,,,
611695,0,0.0,Yalcouye,36,2025-26,True,3.0,True,0,,,,,,,,,,,
611926,0,0.0,Nallo,14,2025-26,False,2.0,False,2,,103.0,0.0,0.0,0.0,0.0,0.0,0.0,0.0,0.0,0.0
611975,0,0.0,Abdullahi,56,2025-26,True,4.0,True,0,,,,,,,,,,,
612534,0,0.0,Fredrick,94,2025-26,False,2.0,False,2,,2584.0,0.0,0.0,0.0,0.0,0.0,0.0,0.0,0.0,0.0
613804,0,0.0,Diouf,21,2025-26,True,2.0,True,0,,,,,,,,,,,
616222,1,1.0,Vitor Reis,43,2025-26,False,2.0,False,1,,2218.0,1.0,1.0,1.0,1.0,1.0,1.0,1.0,1.0,1.0
618873,0,0.0,Kone,1,2025-26,False,3.0,False,1,,2836.0,0.0,0.0,0.0,0.0,0.0,0.0,0.0,0.0,0.0
622536,0,0.0,Arthur,94,2025-26,False,2.0,False,2,,2584.0,0.0,0.0,0.0,0.0,0.0,0.0,0.0,0.0,0.0
622758,0,0.0,Anselmino,8,2025-26,False,2.0,False,1,,2262.0,0.0,0.0,0.0,0.0,0.0,0.0,0.0,0.0,0.0
623095,0,0.0,Min-hyeok,6,2025-26,False,3.0,False,1,,2199.0,0.0,0.0,0.0,0.0,0.0,0.0,0.0,0.0,0.0
624773,0,0.0,Estêvão,8,2025-26,True,3.0,True,0,,,,,,,,,,,
626464,11,1.0,Nunes,94,2025-26,False,3.0,False,1,,2584.0,1.0,1.0,1.0,11.0,11.0,11.0,11.0,11.0,11.0
626844,0,0.0,Aleksić,56,2025-26,True,3.0,True,0,,,,,,,,,,,
628204,53,1.0,Konak,94,2025-26,False,3.0,False,2,,2584.0,1.0,0.5,0.5,53.0,26.5,26.5,53.0,26.5,26.5
640108,0,0.0,Antoñito C.,4,2025-26,True,3.0,True,0,,,,,,,,,,,
641221,69,0.7,Pedro Lima,39,2025-26,False,2.0,False,1,,2587.0,0.7,0.7,0.7,69.0,69.0,69.0,69.0,69.0,69.0
643135,0,0.0,Fer López,39,2025-26,True,3.0,True,0,,,,,,,,,,,
647850,0,0.0,Kostoulas,36,2025-26,True,4.0,True,0,,,,,,,,,,,
661712,0,0.0,D.Leon,1,2025-26,True,2.0,True,0,,,,,,,,,,,
